"번호","과정","레벨","단계","학년","id","문법 이름","문장 틀","한 줄 설명","예문 1","예문 2","예문 3","예문 4","예문 5","예문 6","예문 7","예문 8","이럴 때 써요","쉽게 이해하기","예문 해석","규칙","틀리기 쉬운 것 (✗ → ✓)","한 줄 정리","단어장 바꾸기 틀","넣을 카테고리","검수 메모"
"1","초등","1 Notice & Name","entry","초3","this-is","This is / That is","This is a [ ]. / That is a [ ].","가까운 건 this, 먼 건 that으로 가리켜요.","This is a pen.","That is a bird.","This is my mom.","That is a tree.","This is an egg.","","","","내 가까이 있는 것을 가리키며 소개할 때: This is …
조금 멀리 있는 것을 가리킬 때: That is …
사람을 소개할 때도 써요: This is my mom.","this는 ""이것(이 사람)"", that은 ""저것(저 사람)""이에요.
손이 닿을 만큼 가까우면 this, 손가락으로 가리켜야 할 만큼 멀면 that.
뒤에 하나만 있으면 a/an을 붙여요: This is a pen.","1. 이건 펜이야.
2. 저건 새야.
3. 이분은 우리 엄마야. (사람 소개)
4. 저건 나무야.
5. 이건 달걀이야. (egg는 모음 소리 → an)","This is + a/an + 명사 (가까운 것)
That is + a/an + 명사 (먼 것)","✗ This is pen. → ✓ This is a pen. (하나일 때는 a/an을 붙여요)","가까우면 this, 멀면 that!","This is {a_noun}.","사물, 학교/문구, 장난감, 음식, 동물, 옷, 집/가구",""
"2","초등","1 Notice & Name","entry","초3","it-is","What's this? — It's a ~","What's this? — It's a [ ].","""이건 뭐야?""에 ""그건 ~야""로 답해요.","What's this? It's a ball.","It's an egg.","It's a cat.","It's a hat.","What's that? It's a bus.","","","","""이게 뭐야?""라고 묻고 답할 때
앞에서 말한 물건을 다시 말할 때","What's this? = 이건 뭐야? / What's that? = 저건 뭐야?
대답은 It's …로 해요. it은 ""그것""이라는 뜻이에요.
It's는 It is를 줄인 말이에요.","1. 이건 뭐야? 그건 공이야.
2. 그건 달걀이야.
3. 그건 고양이야.
4. 그건 모자야.
5. 저건 뭐야? 그건 버스야.","What's this/that? → It's + a/an + 명사","✗ What's this? This is ball. → ✓ What's this? It's a ball. (대답은 It's a/an …)","질문이 this든 that이든 대답은 It's로!","What's this? It's {a_noun}.","사물, 학교/문구, 장난감, 음식, 동물, 옷, 집/가구",""
"3","초등","1 Notice & Name","entry","초3","a-an","관사 a / an","a [ ] / an [ ]","하나를 말할 때 붙여요. 모음 소리(a, e, i, o, u)로 시작하면 an이에요.","a dog","an apple","an orange","a bag","an egg","","","","물건이 ""하나""일 때 이름 앞에 붙여요
처음 말하는 물건 앞에 붙여요","a와 an은 둘 다 ""하나의""라는 뜻이에요.
뒤 단어가 모음 소리(아·에·이·오·어)로 시작하면 an, 아니면 a예요.
글자가 아니라 소리로 판단해요: an hour(아워), a uniform(유니폼)","1. 개 한 마리
2. 사과 하나 (a-pple: 모음 소리 → an)
3. 오렌지 하나
4. 가방 하나
5. 달걀 하나","a + 자음 소리로 시작하는 단어
an + 모음 소리로 시작하는 단어","✗ a apple → ✓ an apple (apple은 모음 소리로 시작 → an)","""아·에·이·오·어"" 소리 앞에는 an!","{a_noun}","사물, 학교/문구, 장난감, 음식, 동물, 옷, 집/가구",""
"4","초등","1 Notice & Name","entry","초3","plural","여러 개 (복수형 -s/-es)","two [ ]s","두 개 이상이면 끝에 -s나 -es를 붙여요.","two cats","three boxes","five pencils","two buses","four books","","","","두 개 이상을 말할 때
숫자(two, three …) 뒤에서","대부분 단어 끝에 -s를 붙여요: cat → cats
s, x, ch, sh로 끝나면 -es: box → boxes, bus → buses
모양이 바뀌는 단어도 있어요: child → children, mouse → mice","1. 고양이 두 마리
2. 상자 세 개 (box → boxes)
3. 연필 다섯 자루
4. 버스 두 대 (bus → buses)
5. 책 네 권","명사 + -s
s · x · ch · sh로 끝나면 + -es","✗ two cat → ✓ two cats (두 개 이상이면 -s)
✗ three boxs → ✓ three boxes (x로 끝나면 -es)","하나보다 많으면 꼬리에 -s를 달아 주세요.","I have two {nouns}.","사물, 학교/문구, 장난감, 동물, 음식",""
"5","초등","1 Notice & Name","entry","초3","i-am","I am ~ (be동사 1)","I am [ ]. / I'm [ ].","나를 소개하거나 내 기분을 말할 때 써요.","I'm happy.","I am ten.","I'm hungry.","I'm Mina.","I'm sleepy.","","","","내 이름, 나이, 기분을 말할 때
자기소개를 할 때","I 다음에는 am을 써요. ""나는 ~이에요""라는 뜻이에요.
I'm은 I am을 줄인 말이에요.
기분을 말할 때: happy(행복한), sad(슬픈), hungry(배고픈), sleepy(졸린)","1. 나는 행복해.
2. 나는 열 살이야.
3. 나는 배고파.
4. 나는 미나야. (이름 소개)
5. 나는 졸려.","I am (= I'm) + 이름 / 나이 / 기분","✗ I is happy. → ✓ I am happy. (I 다음에는 am)","I와 am은 늘 붙어 다니는 짝꿍!","I'm {adj}.","감정, 상태",""
"6","초등","1 Notice & Name","grow","초3","he-she-is","He is / She is (be동사 2)","He is [ ]. / She is [ ].","남자는 he, 여자는 she예요. 둘 다 is를 써요.","He is tall.","She is my sister.","She is a teacher.","He is my dad.","She is kind.","","","","다른 사람을 소개하거나 설명할 때","남자 한 명은 he, 여자 한 명은 she예요.
he와 she 다음에는 is를 써요.
뒤에는 사람을 설명하는 말(tall, kind)이나 누구인지(a teacher, my sister)가 와요.","1. 그는 키가 커.
2. 그녀는 내 여동생이야.
3. 그녀는 선생님이야.
4. 그는 우리 아빠야.
5. 그녀는 친절해.","He / She + is + 설명하는 말","✗ She are kind. → ✓ She is kind. (he · she 다음에는 is)","남자는 he, 여자는 she, 둘 다 is!","She is {adj}. / He is {a_noun}.","외모, 성격, 감정, 상태, 직업",""
"7","초등","1 Notice & Name","entry","초3","i-like","I like ~","I like [ ].","좋아하는 것을 말해요. 셀 수 있는 건 여러 개(-s)로 말해요.","I like apples.","I like red.","I like soccer.","I like dogs.","I like music.","","","","좋아하는 음식·동물·색·운동을 말할 때","I like 다음에 좋아하는 것을 말해요.
셀 수 있는 것(사과, 개)은 여러 개로 말해요: I like apples.
색·운동·음악처럼 셀 수 없는 것은 그대로: I like red.","1. 나는 사과를 좋아해. (apple → apples)
2. 나는 빨간색을 좋아해.
3. 나는 축구를 좋아해.
4. 나는 개를 좋아해.
5. 나는 음악을 좋아해.","I like + 셀 수 있는 명사의 복수형 (apples)
I like + 셀 수 없는 명사 (red, soccer)","✗ I like apple. → ✓ I like apples. (좋아하는 것은 보통 여러 개(-s)로)","좋아하는 게 셀 수 있는 것이면 -s를 붙여 주세요.","I like {nouns}. / I like {noun}.","동물, 음식, 장난감, 색깔, 스포츠, 음악",""
"8","초등","1 Notice & Name","entry","초3","i-have","I have ~","I have a [ ].","가지고 있는 것을 말해요.","I have a dog.","I have a red cap.","I have two pens.","I have a sister.","I have a new bag.","","","","가지고 있는 물건이나 가족·동물을 말할 때","have는 ""가지고 있다""라는 뜻이에요.
하나면 a/an, 여러 개면 숫자 + -s를 써요.
가족이 있다고 말할 때도 have를 써요: I have a sister.","1. 나는 개가 있어.
2. 나는 빨간 모자가 있어.
3. 나는 펜이 두 자루 있어.
4. 나는 여동생이 있어.
5. 나는 새 가방이 있어.","I have + a/an + 명사 / 숫자 + 복수 명사","✗ I have dog. → ✓ I have a dog. (하나면 a를 붙여요)","""나한테 ~이 있어""는 I have!","I have {a_noun}.","사물, 학교/문구, 장난감, 동물, 옷",""
"9","초등","1 Notice & Name","grow","초3","i-want","I want ~","I want [ ].","갖고 싶거나 먹고 싶은 것을 말해요.","I want pizza.","I want a robot.","I want some milk.","I want water.","I want a new ball.","","","","갖고 싶은 것, 먹고 싶은 것을 말할 때","want는 ""원하다, 갖고 싶다""라는 뜻이에요.
하나를 원하면 a/an: I want a robot.
우유·물처럼 셀 수 없는 것은 그대로 쓰거나 some을 붙여요: I want some milk.","1. 나는 피자를 원해.
2. 나는 로봇을 갖고 싶어.
3. 나는 우유를 좀 마시고 싶어.
4. 나는 물을 원해.
5. 나는 새 공을 갖고 싶어.","I want + a/an + 명사 / 셀 수 없는 명사","✗ I want a milk. → ✓ I want some milk. (milk는 셀 수 없어서 a를 쓰지 않아요)","갖고 싶으면 I want, 먹고 싶어도 I want!","I want {a_noun}.","장난감, 사물, 음식",""
"10","초등","1 Notice & Name","grow","초3","i-can","I can ~ / Can you ~?","I can [ ]. / Can you [ ]?","할 수 있는 일을 말해요. can 뒤에는 동사 그대로 써요.","I can swim.","Can you jump?","I can't skate.","I can dance.","Can you ride a bike?","","","","할 수 있는 것을 말할 때
친구에게 ""~할 수 있어?""라고 물을 때","can은 ""~할 수 있다""라는 뜻이에요.
can 뒤에는 동사를 그대로 써요: I can swim. (swims ✗)
못 하면 can't, 물어볼 때는 Can you …?로 시작해요.","1. 나는 수영할 수 있어.
2. 너 점프할 수 있어?
3. 나는 스케이트를 못 타. (can't = 할 수 없다)
4. 나는 춤출 수 있어.
5. 너 자전거 탈 수 있어?","I can + 동사원형
I can't + 동사원형
Can you + 동사원형?","✗ He can swims. → ✓ He can swim. (can 뒤에는 동사원형)","can 뒤의 동사는 절대 모양이 안 바뀌어요.","I can {verb}.","동작, 스포츠",""
"11","초등","1 Notice & Name","grow","초3","imperative","명령문 (~해요 / ~하지 마요)","[ ], please. / Don't [ ].","부탁하거나 시킬 때 동사로 바로 시작해요. 하지 말라고 할 때는 Don't.","Sit down, please.","Don't run.","Open the door.","Stand up.","Don't shout.","","","","선생님이 교실에서 부탁하거나 지시할 때
""~하지 마""라고 말할 때","주어(You) 없이 동사로 바로 시작해요: Sit down.
please를 붙이면 더 공손해져요.
하지 말라고 할 때는 Don't + 동사: Don't run.","1. 앉아 주세요.
2. 뛰지 마.
3. 문을 열어.
4. 일어서.
5. 소리 지르지 마.","동사원형으로 시작 (~해)
Don't + 동사원형 (~하지 마)","✗ Not run. → ✓ Don't run. (하지 말라고 할 때는 Don't)","동사로 시작하면 ""~해!"", Don't로 시작하면 ""~하지 마!""","Don't {verb}.","동작",""
"12","초등","1 Notice & Name","grow","초3","lets","Let's ~","Let's [ ].","""우리 같이 ~하자""라고 할 때 써요.","Let's play.","Let's go home.","Let's sing.","Let's dance.","Let's eat lunch.","","","","친구에게 ""우리 같이 ~하자""라고 할 때","Let's는 Let us를 줄인 말로 ""우리 ~하자""라는 뜻이에요.
Let's 뒤에는 동사를 그대로 써요.
대답: Okay! / Sounds good! / Sorry, I can't.","1. 놀자.
2. 집에 가자.
3. 노래하자.
4. 춤추자.
5. 점심 먹자.","Let's + 동사원형","✗ Let's playing. → ✓ Let's play. (Let's 뒤에는 동사원형)","같이 하고 싶으면 Let's!","Let's {verb}.","동작, 취미/오락",""
"13","초등","1 Notice & Name","bridge","초3","adj-noun","꾸미는 말 + 명사 (a red apple)","a [색·크기] [ ]","색깔·크기 같은 말은 명사 앞에 붙여요.","a red apple","a big dog","a small box","a yellow bus","a long snake","","","","물건의 색깔이나 크기를 함께 말할 때","색깔·크기 같은 꾸미는 말은 이름(명사) 앞에 와요: a red apple
a/an은 꾸미는 말 앞에 와요: a big dog
꾸미는 말이 모음 소리로 시작하면 an: an orange ball","1. 빨간 사과
2. 큰 개
3. 작은 상자
4. 노란 버스
5. 긴 뱀","a/an + 꾸미는 말(형용사) + 명사","✗ a apple red → ✓ a red apple (꾸미는 말은 명사 앞에)","영어도 한국어처럼 ""빨간 → 사과"" 순서예요.","It's {a_adj} {noun}.","색깔, 크기, 사물, 동물",""
"14","초등","2 Build & Respond","entry","초4","is-it","Is it ~? — Yes, it is. / No, it isn't.","Is it a [ ]? — Yes, it is. / No, it isn't.","be동사를 앞으로 보내면 질문이 돼요.","Is it a cat? Yes, it is.","Is it a pen? No, it isn't.","Are you tired?","Is it a hat? Yes, it is.","Is she your mom?","","","","""그거 ~야?""라고 물어볼 때
퀴즈처럼 맞혀 볼 때","It is를 Is it으로 순서만 바꾸면 질문이 돼요.
대답: 맞으면 Yes, it is. / 아니면 No, it isn't.
사람에게 물을 때는 Are you …? / Is she …?","1. 그거 고양이야? 응, 맞아.
2. 그거 펜이야? 아니, 아니야.
3. 너 피곤해?
4. 그거 모자야? 응, 맞아.
5. 그녀가 너희 엄마야?","Is it + a/an + 명사? → Yes, it is. / No, it isn't.","✗ It is a cat? → ✓ Is it a cat? (질문은 is를 앞으로)","is를 맨 앞으로 옮기면 질문 완성!","Is it {a_noun}?","사물, 학교/문구, 장난감, 음식, 동물, 옷, 집/가구",""
"15","초등","2 Build & Respond","entry","초4","be-not","be동사 부정 (isn't / I'm not)","It isn't a [ ]. / I'm not [ ].","아니라고 할 때 be동사 뒤에 not을 붙여요.","It isn't a dog.","I'm not sad.","They aren't here.","He isn't tall.","It isn't hot.","","","","""~이 아니야""라고 말할 때","am, is, are 뒤에 not을 붙이면 ""아니다""가 돼요.
isn't = is not, aren't = are not, I'm not = I am not
I 다음에는 amn't가 없어요. 꼭 I'm not이라고 해요.","1. 그건 개가 아니야.
2. 나는 슬프지 않아.
3. 그들은 여기 없어.
4. 그는 키가 크지 않아.
5. 덥지 않아.","is not = isn't · are not = aren't · I am not = I'm not","✗ I amn't sad. → ✓ I'm not sad. (I는 I'm not)","be동사 바로 뒤에 not!","I'm not {adj}.","감정, 상태",""
"16","초등","2 Build & Respond","entry","초4","do-you-like","Do you like ~? — Yes, I do.","Do you like [ ]? — Yes, I do. / No, I don't.","일반동사 질문은 Do로 시작해요.","Do you like milk? Yes, I do.","Do you have a pet? No, I don't.","Do you play soccer?","Do you like pizza?","No, I don't.","","","","친구가 무엇을 좋아하는지, 가지고 있는지 물을 때","like, have 같은 동사로 물을 때는 Do you …?로 시작해요.
대답: Yes, I do. / No, I don't.
Do you 뒤의 동사는 그대로 써요.","1. 우유 좋아해? 응, 좋아해.
2. 반려동물 있어? 아니, 없어.
3. 축구 해?
4. 피자 좋아해?
5. 아니, 안 좋아해.","Do you + 동사원형 …?
→ Yes, I do. / No, I don't.","✗ You like milk? → ✓ Do you like milk? (질문은 Do로 시작)","""너 ~해?""는 Do you로 시작!","Do you like {nouns}?","동물, 음식",""
"17","초등","2 Build & Respond","entry","초4","i-dont","I don't ~ (일반동사 부정)","I don't like [ ].","일반동사를 아니라고 할 때 don't를 앞에 붙여요.","I don't like carrots.","I don't have a cat.","We don't swim.","I don't like rain.","They don't eat meat.","","","","""나는 ~ 안 해 / ~ 안 좋아해""라고 말할 때","like, have, eat 같은 동사 앞에 don't를 넣으면 ""안 ~한다""가 돼요.
don't = do not
I, you, we, they 다음에 써요.","1. 나는 당근을 안 좋아해.
2. 나는 고양이가 없어.
3. 우리는 수영을 안 해.
4. 나는 비를 안 좋아해.
5. 그들은 고기를 안 먹어.","I · you · we · they + don't + 동사원형","✗ I not like carrots. → ✓ I don't like carrots. (동사 앞에 don't)","싫다고 할 때는 동사 앞에 don't!","I don't like {nouns}.","동물, 음식",""
"18","초등","2 Build & Respond","grow","초4","third-s","3인칭 단수 -s (He likes ~)","He likes [ ]. / She has [ ].","he, she, it이 주어면 동사 끝에 -s를 붙여요. have는 has가 돼요.","He likes pizza.","She has a bike.","My dog runs fast.","He eats rice.","She reads books.","","","","다른 한 사람(he, she)이나 한 마리 동물이 하는 일을 말할 때","he, she, it(한 사람·한 개)이 주어면 동사 끝에 -s를 붙여요.
ch, sh, s, o로 끝나면 -es: watch → watches, go → goes
have는 has로 바뀌어요.","1. 그는 피자를 좋아해.
2. 그녀는 자전거가 있어. (have → has)
3. 우리 개는 빨리 달려.
4. 그는 밥을 먹어.
5. 그녀는 책을 읽어.","he · she · it + 동사-s / -es
have → has","✗ He like pizza. → ✓ He likes pizza. (he 다음 동사는 -s)
✗ She have a bike. → ✓ She has a bike. (she 다음 have는 has)","주인공이 ""한 사람(한 개)""이면 동사에 -s!","She {verb_s} every day.","동작, 일상생활",""
"19","초등","2 Build & Respond","grow","초4","does-he","Does he ~? — Yes, he does.","Does she like [ ]? — Yes, she does.","he, she가 주어인 질문은 Does로 시작하고, 동사는 그대로 써요.","Does he like cats?","Yes, he does.","She doesn't eat fish.","Does she have a dog?","No, she doesn't.","","","","다른 사람이 무엇을 좋아하는지, 하는지 물을 때","he, she가 주어인 질문은 Does로 시작해요.
Does가 -s를 가져가서, 뒤의 동사는 그대로 써요: Does he like …?
대답: Yes, he does. / No, she doesn't.","1. 그는 고양이를 좋아해?
2. 응, 좋아해.
3. 그녀는 생선을 안 먹어.
4. 그녀는 개가 있어?
5. 아니, 없어.","Does + he/she + 동사원형 …?
He/She doesn't + 동사원형","✗ Does he likes cats? → ✓ Does he like cats? (Does 뒤에는 동사원형)","Does가 -s를 가져가요. 뒤 동사는 맨몸으로!","Does he like {nouns}?","동물, 음식",""
"20","초등","2 Build & Respond","grow","초4","there-is","There is / There are","There is a [ ]. / There are two [ ]s.","""~이 있다""고 할 때 써요. 하나면 is, 여러 개면 are.","There is a cat.","There are three apples.","Is there a park?","There are two dogs.","There is a ball.","","","","어디에 무엇이 ""있다""고 말할 때
그림을 보고 설명할 때","There is + 하나 / There are + 여러 개
""거기에""라는 뜻이 아니라 그냥 ""~이 있다""예요.
물을 때는 Is there …? / Are there …?","1. 고양이가 있어.
2. 사과가 세 개 있어.
3. 공원이 있어?
4. 개가 두 마리 있어.
5. 공이 하나 있어.","There is + a/an + 명사 (하나)
There are + 복수 명사 (여러 개)","✗ There is three apples. → ✓ There are three apples. (여러 개면 are)","하나면 is, 여러 개면 are!","There is {a_noun}. / There are two {nouns}.","사물, 학교/문구, 장난감, 음식, 동물, 옷, 집/가구",""
"21","초등","2 Build & Respond","grow","초4","prepositions","위치 전치사 (in / on / under)","The [ ] is on the table.","안에는 in, 위에는 on, 아래에는 under.","The cat is on the bed.","The ball is under the chair.","The pen is in the box.","The book is on the desk.","The dog is in the house.","","","","물건이 어디에 있는지 말할 때","in = ~ 안에, on = ~ 위에(닿아 있음), under = ~ 아래에
위치 말 앞에는 보통 the를 써요: on the bed
질문은 Where is the …?","1. 고양이가 침대 위에 있어.
2. 공이 의자 아래에 있어.
3. 펜이 상자 안에 있어.
4. 책이 책상 위에 있어.
5. 개가 집 안에 있어.","in (안) · on (위) · under (아래) + the + 장소","✗ The cat is on bed. → ✓ The cat is on the bed. (장소 앞에 the)","손으로 상자를 들고 in · on · under를 직접 보여 주면 금방 외워요.","The {noun} is on the table.","사물, 학교/문구, 장난감, 동물",""
"22","초등","2 Build & Respond","grow","초4","present-progressive","현재진행 (I am ~ing)","I am [ ]ing. / What are you doing?","""지금 ~하고 있어""는 be동사 + 동사ing로 말해요.","I'm reading.","She is swimming.","What are you doing?","He is running.","We are eating lunch.","","","","지금 이 순간 하고 있는 일을 말할 때","am/is/are + 동사ing = ""지금 ~하는 중이야""
동사에 -ing를 붙여요. e로 끝나면 e를 빼고(make → making), 짧은 단어는 끝 글자를 한 번 더(swim → swimming)
""뭐 하고 있어?""는 What are you doing?","1. 나는 책을 읽고 있어.
2. 그녀는 수영하고 있어.
3. 너 뭐 하고 있어?
4. 그는 달리고 있어.
5. 우리는 점심을 먹고 있어.","am · is · are + 동사ing","✗ I reading. → ✓ I'm reading. (be동사(am)를 빼먹지 않기)","지금 하고 있으면 be동사 + -ing!","I'm {verb_ing}.","동작, 취미/오락, 일상생활",""
"23","초등","2 Build & Respond","grow","초4","wh-questions","의문사 질문 (What / Where / Who)","Where is the [ ]? / Who is she?","무엇은 what, 어디는 where, 누구는 who로 물어요.","Where is my bag?","Who is he?","What is your name?","What is this?","Where are you?","","","","무엇·어디·누구를 물어볼 때","What = 무엇, Where = 어디, Who = 누구
질문하는 말이 맨 앞에 와요: Where is my bag?
대답은 Yes/No가 아니라 알맞은 정보로 해요.","1. 내 가방 어디 있어?
2. 그는 누구야?
3. 네 이름은 뭐야?
4. 이건 뭐야?
5. 너 어디 있어?","What / Where / Who + is(are) + …?","✗ Where my bag is? → ✓ Where is my bag? (질문은 의문사 + is + 주어)","무엇 What, 어디 Where, 누구 Who!","Where is the {noun}?","사물, 학교/문구, 장난감, 동물",""
"24","초등","2 Build & Respond","grow","초4","possessive","소유 (my / your / Whose ~?)","Whose [ ] is this? — It's my [ ].","누구 것인지 물을 땐 whose, 답할 땐 my, your, his, her.","Whose cap is this?","It's my cap.","This is her book.","This is his bag.","It's your pencil.","","","","물건이 누구 것인지 묻고 답할 때","Whose = 누구의
my(나의), your(너의), his(그의), her(그녀의)는 물건 이름 앞에 와요.
대답: It's my cap. (그건 내 모자야)","1. 이건 누구 모자야?
2. 그건 내 모자야.
3. 이건 그녀의 책이야.
4. 이건 그의 가방이야.
5. 그건 네 연필이야.","Whose + 명사 + is this?
my · your · his · her + 명사","✗ This is she book. → ✓ This is her book. (""그녀의""는 her)","누구 거냐고 물으면 Whose!","Whose {noun} is this?","사물, 학교/문구, 장난감, 옷",""
"25","초등","2 Build & Respond","bridge","초4","time-day","시각·요일 묻고 답하기","What time is it? — It's [ ] o'clock.","시각은 What time, 요일은 What day로 물어요.","What time is it? It's three o'clock.","What day is it? It's Monday.","I get up at seven.","I go to bed at nine.","It's Friday today.","","","","지금 몇 시인지, 무슨 요일인지 말할 때
하루 일과를 말할 때","몇 시? → What time is it? It's three o'clock.
무슨 요일? → What day is it? It's Monday.
""~시에""는 at: I get up at seven.","1. 몇 시야? 3시야.
2. 무슨 요일이야? 월요일이야.
3. 나는 7시에 일어나.
4. 나는 9시에 자.
5. 오늘은 금요일이야.","What time is it? → It's + 시각
What day is it? → It's + 요일
at + 시각","✗ I get up in seven. → ✓ I get up at seven. (시각 앞에는 at)","시간은 What time, 요일은 What day!","(바꾸기 안 함)","",""
"26","초등","2 Build & Respond","bridge","초4","how-many","How many ~? / How much ~?","How many [ ]s? / How much is it?","개수는 How many, 값은 How much로 물어요.","How many dogs?","How many apples do you have?","How much is it?","How many cats?","How much is this pen?","","","","몇 개인지 셀 때
물건값을 물을 때","How many + 여러 개 이름(-s) = 몇 개?
How much is it? = 얼마예요?
How many 뒤의 이름은 꼭 -s를 붙여요.","1. 개가 몇 마리야?
2. 사과 몇 개 있어?
3. 얼마예요?
4. 고양이가 몇 마리야?
5. 이 펜 얼마예요?","How many + 복수 명사?
How much is it?","✗ How many dog? → ✓ How many dogs? (How many 뒤에는 -s)","개수는 How many, 값은 How much!","How many {nouns} do you have?","사물, 학교/문구, 장난감, 동물",""
"27","초등","2 Build & Respond","bridge","초4","weather","날씨 (It's sunny)","How's the weather? — It's [ ].","날씨를 말할 때 주어는 it이에요.","It's sunny.","It's raining.","It's cold today.","It's windy.","It's snowing.","","","","오늘 날씨를 말할 때","날씨를 말할 때는 It's로 시작해요. 여기서 it은 ""그것""이 아니에요.
sunny(맑은), cloudy(흐린), windy(바람 부는), cold(추운), hot(더운)
비·눈이 오는 중이면 It's raining. / It's snowing.","1. 맑아.
2. 비가 오고 있어.
3. 오늘 추워.
4. 바람이 불어.
5. 눈이 오고 있어.","How's the weather? → It's + 날씨 말","✗ Is sunny. → ✓ It's sunny. (날씨는 It's로 시작)","날씨는 무조건 It's로 시작!","It's {adj}.","자연/날씨",""
"28","초등","3 Connect & Describe","entry","초5","and-but","문장 잇기 and / but","I like [ ] and [ ]. / I like [ ], but I don't like [ ].","같은 쪽 이야기는 and, 반대 이야기는 but으로 이어요.","I like cats and dogs.","I like milk, but I don't like juice.","It is small but fast.","I have a cat and a dog.","I like red, but she likes blue.","","","","두 가지를 이어서 말할 때(and)
반대되는 이야기를 이어서 말할 때(but)","and = 그리고, ~와
but = 그런데, 하지만
두 문장을 but으로 이을 때는 앞에 쉼표(,)를 찍으면 읽기 쉬워요.","1. 나는 고양이와 개를 좋아해.
2. 나는 우유는 좋아하지만 주스는 안 좋아해.
3. 그건 작지만 빨라.
4. 나는 고양이와 개가 있어.
5. 나는 빨강을 좋아하는데, 그녀는 파랑을 좋아해.","A and B (같은 쪽 이야기)
A, but B (반대 이야기)","✗ I like cats but dogs. → ✓ I like cats and dogs. (둘 다 좋아하면 and)","같은 편은 and, 반대편은 but!","I like {nouns} and {nouns}.","동물, 음식",""
"29","초등","3 Connect & Describe","grow","초5","because","이유 말하기 because","I like [ ] because it's [ ].","왜 그런지 이유를 because 뒤에 말해요.","I like summer because it's hot.","I'm happy because it's my birthday.","I stay home because I am sick.","I like dogs because they are cute.","I drink water because I'm thirsty.","","","","""왜?""에 대한 이유를 말할 때","because = 왜냐하면, ~ 때문에
because 뒤에는 이유가 되는 문장(주어 + 동사)이 와요.
질문 Why …?에 Because …로 대답할 수 있어요.","1. 여름이 좋아, 더우니까.
2. 나는 행복해, 내 생일이니까.
3. 나는 집에 있어, 아프니까.
4. 나는 개가 좋아, 귀여우니까.
5. 나는 물을 마셔, 목마르니까.","결과 + because + 이유(주어 + 동사)","✗ I like summer because hot. → ✓ I like summer because it's hot. (because 뒤에는 주어 + 동사)","이유를 붙이고 싶으면 because!","(바꾸기 안 함)","",""
"30","초등","3 Connect & Describe","grow","초5","so","결과 말하기 so","It's [ ], so I [ ].","앞 문장 때문에 생긴 결과를 so 뒤에 말해요.","It's cold, so I wear a coat.","I'm hungry, so I eat bread.","It's late, so I go to bed.","It's raining, so I take an umbrella.","I'm tired, so I sleep.","","","","앞의 일 때문에 어떻게 했는지(결과)를 말할 때","so = 그래서
앞에 이유, so 뒤에 결과가 와요: It's cold, so I wear a coat.
because와 순서가 반대예요: I wear a coat because it's cold.","1. 추워서 코트를 입어.
2. 배고파서 빵을 먹어.
3. 늦어서 자러 가.
4. 비가 와서 우산을 챙겨.
5. 피곤해서 자.","이유, so + 결과","✗ So it's cold, I wear a coat. → ✓ It's cold, so I wear a coat. (so는 결과 앞에)","because는 이유 앞, so는 결과 앞!","(바꾸기 안 함)","",""
"31","초등","3 Connect & Describe","entry","초5","describe","생김새 설명하기 (It has ~ / It is ~)","It is [ ]. It has [ ].","is로 모습을, has로 가진 부분을 설명해요.","It is big. It has four legs.","It is yellow. It has a long neck.","She has long hair.","It is small. It has long ears.","He has big eyes.","","","","동물이나 사람의 생김새를 설명할 때
수수께끼처럼 설명하고 맞히기 할 때","It is + 모습(크기·색) / It has + 가진 부분(다리·귀·꼬리)
he, she, it이 주어면 have 대신 has를 써요.
두세 문장을 이어서 말하면 멋진 설명이 돼요.","1. 그건 커. 다리가 네 개 있어.
2. 그건 노래. 목이 길어.
3. 그녀는 머리가 길어.
4. 그건 작아. 귀가 길어.
5. 그는 눈이 커.","It is + 모습
It / He / She has + 가진 부분","✗ It have four legs. → ✓ It has four legs. (it 다음에는 has)","모습은 is, 가진 것은 has!","(바꾸기 안 함)","",""
"32","초등","3 Connect & Describe","grow","초5","frequency","빈도 부사 (always / usually / sometimes / never)","I always [ ]. / I sometimes [ ].","얼마나 자주 하는지 동사 앞에 붙여 말해요.","I always brush my teeth.","I sometimes play games.","I never eat bugs.","I usually walk to school.","She always smiles.","","","","얼마나 자주 하는지 말할 때","always(항상) > usually(보통) > sometimes(가끔) > never(절대 안)
동사 바로 앞에 넣어요: I always brush my teeth.
never는 그 자체로 ""안 한다""는 뜻이라 not을 또 쓰지 않아요.","1. 나는 항상 이를 닦아.
2. 나는 가끔 게임을 해.
3. 나는 절대 벌레를 안 먹어.
4. 나는 보통 걸어서 학교에 가.
5. 그녀는 항상 웃어.","always · usually · sometimes · never + 동사","✗ I brush always my teeth. → ✓ I always brush my teeth. (자주를 말하는 말은 동사 앞에)","자주 말하는 단어는 동사 바로 앞에 쏙!","I sometimes {verb}.","동작, 취미/오락, 일상생활",""
"33","초등","3 Connect & Describe","grow","초5","want-to","want to / would like to","I want to [ ]. / I'd like to [ ].","하고 싶은 일은 want to + 동사로 말해요.","I want to fly.","I'd like to see a movie.","Do you want to play?","I want to eat ice cream.","She wants to be a doctor.","","","","하고 싶은 일을 말할 때
장래 희망을 말할 때","want to + 동사 = ~하고 싶다
I'd like to …는 더 공손한 말이에요.
장래 희망: I want to be a doctor.","1. 나는 날고 싶어.
2. 나는 영화를 보고 싶어요. (공손한 말)
3. 너 놀고 싶어?
4. 나는 아이스크림을 먹고 싶어.
5. 그녀는 의사가 되고 싶어 해.","want to + 동사원형
I'd like to + 동사원형 (공손)","✗ I want fly. → ✓ I want to fly. (하고 싶은 일 앞에는 to)","갖고 싶으면 want, 하고 싶으면 want to!","I want to {verb}.","동작, 취미/오락, 스포츠",""
"34","초등","3 Connect & Describe","bridge","초5","have-to-should","have to / should","I have to [ ]. / You should [ ].","꼭 해야 하는 일은 have to, 하면 좋은 일은 should.","I have to do my homework.","You should drink water.","You should go to bed.","We have to clean the room.","You should wash your hands.","","","","꼭 해야 하는 일을 말할 때(have to)
친구에게 충고할 때(should)","have to = 꼭 ~해야 해 (안 하면 안 돼요)
should = ~하는 게 좋겠어 (충고)
둘 다 뒤에 동사를 그대로 써요.","1. 나는 숙제를 해야 해.
2. 너 물을 마시는 게 좋겠어.
3. 너 자러 가는 게 좋겠어.
4. 우리는 방을 청소해야 해.
5. 손을 씻는 게 좋겠어.","have to + 동사원형 (꼭 해야 함)
should + 동사원형 (충고)","✗ You should drinks water. → ✓ You should drink water. (should 뒤에는 동사원형)","꼭 해야 하면 have to, 하면 좋으면 should!","You should {verb}.","일상생활, 동작",""
"35","초등","4 Tell & Explain","entry","초5","past-be","과거 be동사 (was / were)","I was [ ]. / They were [ ].","지난 일은 am, is → was, are → were로 바꿔요.","I was sick yesterday.","It was fun.","We were at the park.","She was happy.","They were tired.","","","","어제나 전에 어땠는지 말할 때","am, is의 과거는 was, are의 과거는 were예요.
I, he, she, it → was / you, we, they → were
yesterday(어제), last week(지난주)와 자주 써요.","1. 나는 어제 아팠어.
2. 재미있었어.
3. 우리는 공원에 있었어.
4. 그녀는 행복했어.
5. 그들은 피곤했어.","I · he · she · it + was
you · we · they + were","✗ We was at the park. → ✓ We were at the park. (we는 were)","지난 일이면 is → was, are → were!","I was {adj} yesterday.","감정, 상태",""
"36","초등","4 Tell & Explain","entry","초5","past-regular","과거형 규칙 동사 (-ed)","I [ ]ed yesterday.","지난 일은 동사 끝에 -ed를 붙여요.","I played soccer.","She watched TV.","We walked to school.","I cleaned my room.","He jumped high.","","","","이미 한 일을 말할 때 (어제, 지난주)","동사 끝에 -ed를 붙이면 과거가 돼요: play → played
e로 끝나면 -d만: dance → danced
자음 + y는 y를 i로: study → studied","1. 나는 축구를 했어.
2. 그녀는 TV를 봤어.
3. 우리는 걸어서 학교에 갔어.
4. 나는 내 방을 청소했어.
5. 그는 높이 뛰었어.","동사 + -ed
e로 끝나면 + -d · 자음 + y → -ied","✗ I play soccer yesterday. → ✓ I played soccer yesterday. (어제 한 일은 -ed)","지난 일은 꼬리에 -ed!","I {verb_ed} yesterday.","동작, 취미/오락, 일상생활",""
"37","초등","4 Tell & Explain","grow","초5","past-irregular","과거형 불규칙 동사 (went / ate / saw)","I went to the [ ].","모양이 바뀌는 동사는 따로 외워요. go → went, eat → ate, see → saw.","I went to the zoo.","I ate a sandwich.","I saw a rainbow.","She had a party.","We made a cake.","","","","이미 한 일을 말할 때 — 모양이 확 바뀌는 동사","-ed를 붙이지 않고 모양이 바뀌는 동사가 있어요.
go → went, eat → ate, see → saw, have → had, make → made
노래나 챈트로 짝지어 외우면 쉬워요.","1. 나는 동물원에 갔어. (go → went)
2. 나는 샌드위치를 먹었어. (eat → ate)
3. 나는 무지개를 봤어. (see → saw)
4. 그녀는 파티를 했어. (have → had)
5. 우리는 케이크를 만들었어. (make → made)","go–went · eat–ate · see–saw · have–had · make–made","✗ I goed to the zoo. → ✓ I went to the zoo. (go의 과거는 went)","불규칙 동사는 짝꿍으로 외워요: go–went!","(바꾸기 안 함)","",""
"38","초등","4 Tell & Explain","grow","초6","did-you","Did you ~? — Yes, I did.","Did you [ ]? — Yes, I did. / No, I didn't.","지난 일을 물을 땐 Did로 시작하고, 동사는 그대로 써요.","Did you eat lunch?","Yes, I did.","I didn't go out.","Did you play soccer?","No, I didn't.","","","","""~했어?""라고 지난 일을 물을 때","지난 일을 물을 때는 Did you …?로 시작해요.
Did가 과거를 가져가서 뒤의 동사는 그대로 써요.
대답: Yes, I did. / No, I didn't.","1. 점심 먹었어?
2. 응, 먹었어.
3. 나는 밖에 안 나갔어.
4. 축구 했어?
5. 아니, 안 했어.","Did you + 동사원형 …?
→ Yes, I did. / No, I didn't.","✗ Did you ate lunch? → ✓ Did you eat lunch? (Did 뒤에는 동사원형)","Did가 과거를 가져가요. 뒤 동사는 맨몸으로!","Did you {verb} yesterday?","동작, 취미/오락, 일상생활",""
"39","초등","4 Tell & Explain","grow","초6","future","미래 (will / be going to)","I will [ ]. / I'm going to [ ].","앞으로 할 일은 will이나 be going to + 동사로 말해요.","I will help you.","I'm going to visit Grandma.","Will it rain tomorrow?","I will call you.","We're going to play soccer.","","","","앞으로 할 일을 말할 때
약속하거나 계획을 말할 때","will + 동사 = ~할 거야 (약속, 지금 정한 일)
be going to + 동사 = ~할 예정이야 (미리 정한 계획)
둘 다 뒤에 동사를 그대로 써요.","1. 내가 도와줄게.
2. 나는 할머니 댁에 갈 거야. (계획)
3. 내일 비가 올까?
4. 내가 전화할게.
5. 우리는 축구를 할 거야.","will + 동사원형
am/is/are going to + 동사원형","✗ I will helps you. → ✓ I will help you. (will 뒤에는 동사원형)","앞으로의 일은 will 또는 be going to!","I'm going to {verb} tomorrow.","동작, 취미/오락, 일상생활",""
"40","초등","4 Tell & Explain","grow","초6","comparative","비교급 (-er than)","A [ ] is bigger than a [ ].","둘을 비교할 땐 -er than을 써요.","An elephant is bigger than a dog.","I am taller than my brother.","A car is faster than a bike.","A cat is smaller than a dog.","Summer is hotter than spring.","","","","두 개를 비교할 때","짧은 형용사에 -er을 붙이고 than(~보다)을 써요: bigger than
big → bigger, hot → hotter처럼 끝 글자를 한 번 더 쓰는 단어도 있어요.
A is bigger than B = A가 B보다 더 커","1. 코끼리는 개보다 커.
2. 나는 우리 형보다 키가 커.
3. 자동차는 자전거보다 빨라.
4. 고양이는 개보다 작아.
5. 여름은 봄보다 더워.","형용사 + -er + than","✗ An elephant is big than a dog. → ✓ An elephant is bigger than a dog. (비교할 때는 -er)","둘을 비교하면 -er + than!","(바꾸기 안 함)","",""
"41","초등","4 Tell & Explain","bridge","초6","superlative","최상급 (the -est)","[ ] is the tallest.","셋 이상 중에 가장 ~한 것은 the -est로 말해요.","The giraffe is the tallest.","Mina is the fastest in my class.","This is the biggest box.","The whale is the biggest.","Winter is the coldest season.","","","","여러 개 중에서 ""가장 ~한"" 것을 말할 때","the + 형용사-est = 가장 ~한
big → biggest, tall → tallest
""우리 반에서""는 in my class를 붙여요.","1. 기린이 가장 키가 커.
2. 미나가 우리 반에서 가장 빨라.
3. 이게 가장 큰 상자야.
4. 고래가 가장 커.
5. 겨울이 가장 추운 계절이야.","the + 형용사-est","✗ Mina is fastest in my class. → ✓ Mina is the fastest in my class. (가장 ~한 앞에는 the)","셋 이상에서 1등은 the -est!","(바꾸기 안 함)","",""
"42","초등","4 Tell & Explain","bridge","초6","sequence","순서대로 말하기 (First / Then / Finally)","First, … Then, … Next, … Finally, …","일이 일어난 순서를 차례대로 이어 말해요.","First, I wash my hands.","Then, I eat breakfast.","Next, I brush my teeth.","Finally, I go to school.","","","","","일의 순서를 차례대로 말할 때
하루 일과나 만드는 방법을 설명할 때","First(먼저) → Then(그다음) → Next(그다음) → Finally(마지막으로)
각 순서말 뒤에 쉼표(,)를 찍어요.
카드를 섞어 놓고 순서대로 놓아 보는 활동과 잘 어울려요.","1. 먼저, 손을 씻어.
2. 그다음, 아침을 먹어.
3. 그다음, 이를 닦아.
4. 마지막으로, 학교에 가.","First, … → Then, … → Next, … → Finally, …","","순서말만 앞에 붙이면 이야기가 줄줄 이어져요.","(바꾸기 안 함)","",""
"43","초등","4 Tell & Explain","bridge","초6","i-think","의견 말하기 (I think ~)","I think [ ] is [ ].","내 생각을 말할 때 I think로 시작해요.","I think math is fun.","I think dogs are cute.","I think it's a good idea.","I think she is kind.","I don't think so.","","","","내 생각이나 의견을 말할 때","I think + 문장 = 나는 ~라고 생각해
반대 생각은 I don't think so. (나는 그렇게 생각하지 않아)
친구에게 물을 때: What do you think?","1. 나는 수학이 재미있다고 생각해.
2. 나는 개가 귀엽다고 생각해.
3. 좋은 생각인 것 같아.
4. 나는 그녀가 친절하다고 생각해.
5. 나는 그렇게 생각하지 않아.","I think + 주어 + 동사 …","✗ I think is fun math. → ✓ I think math is fun. (I think 뒤에는 문장 순서 그대로)","내 생각을 말할 땐 I think로 시작!","I think {nouns} are cute.","동물",""
"44","중등","중1","entry","중1","m-pronoun-case","인칭대명사의 격 (I–my–me–mine)","She likes him. / This is her book. / It's hers.","같은 사람이라도 문장 속 자리에 따라 모양이 바뀌어요.","He helps me every day.","Their house is very big.","This bag is mine.","Can you call her now?","We love our teacher.","","","","사람·사물을 반복하지 않고 가리킬 때
""누구의"", ""누구를"", ""누구의 것""을 구별해 말할 때","문장 맨 앞(주어 자리)에는 주격: I, he, she …
명사 앞에서 ""~의""는 소유격: my, his, her …
동사·전치사 뒤(목적어 자리)에는 목적격: me, him, her …
명사 없이 ""~의 것""은 소유대명사: mine, yours, hers …","1. 그는 매일 나를 도와준다. (He: 주격, me: 목적격)
2. 그들의 집은 아주 크다. (Their: 소유격)
3. 이 가방은 내 거야. (mine = my bag)
4. 지금 그녀에게 전화할 수 있어? (her: 목적격)
5. 우리는 우리 선생님을 사랑해.","주격(~은/는): I · you · he · she · it · we · they
소유격(~의): my · your · his · her · its · our · their
목적격(~을/를): me · you · him · her · it · us · them
소유대명사(~의 것): mine · yours · his · hers · ours · theirs","✗ This is me bag. → ✓ This is my bag. (명사 앞에는 소유격)
✗ He likes she. → ✓ He likes her. (동사 뒤에는 목적격)","자리를 먼저 보세요: 맨 앞 → 주격, 명사 앞 → 소유격, 동사 뒤 → 목적격.","(바꾸기 안 함)","",""
"45","중등","중1","entry","중1","m-present-vs-progressive","현재시제 vs 현재진행","I play soccer every day. / I am playing soccer now.","늘 하는 일은 현재시제, 지금 하고 있는 일은 현재진행으로 말해요.","She walks to school every day.","Look! She is walking to school now.","The sun rises in the east.","They are watching a movie now.","I know the answer.","","","","평소 습관·사실(현재)과 지금 하는 중인 일(현재진행)을 구별할 때","현재: every day, usually와 어울려요. ""원래·늘 그래""
현재진행: now, Look!과 어울려요. ""지금 ~하는 중""
know, like, want, have(가지다)처럼 ""상태""를 나타내는 동사는 진행형으로 거의 안 써요.","1. 그녀는 매일 걸어서 학교에 간다. (습관)
2. 봐! 그녀가 지금 걸어서 학교에 가고 있어. (지금 진행)
3. 해는 동쪽에서 뜬다. (변하지 않는 사실)
4. 그들은 지금 영화를 보고 있다.
5. 나는 답을 알아. (know는 진행형 ✗)","습관·사실 → 현재시제 (3인칭 단수는 -s)
지금 진행 중 → am/is/are + 동사ing
know, like, want, have(가지다)는 진행형으로 잘 안 써요","✗ I am knowing the answer. → ✓ I know the answer. (know는 상태 동사라 진행형으로 안 써요)
✗ He play soccer every day. → ✓ He plays soccer every day. (3인칭 단수 현재는 -s)","""늘""이면 현재, ""지금""이면 현재진행!","I'm {verb_ing} now.","동작, 취미/오락, 일상생활, 스포츠",""
"46","중등","중1","entry","중1","m-past","과거시제 (규칙·불규칙, 부정·의문)","I went there yesterday. / I didn't go. / Did you go?","지난 일은 과거형으로 말하고, 부정·의문은 did를 써요.","We took a lot of pictures.","She bought a new jacket last week.","I didn't go to school yesterday.","Did you finish your homework?","He came home late last night.","","","","이미 끝난 일을 말할 때 — 어제, 지난주, 몇 년 전","규칙 동사는 -ed, 불규칙 동사는 따로 외워요.
부정문·의문문에서는 did가 과거를 맡고 동사는 원형으로 돌아가요.
yesterday, last ~, ~ ago, in 2020 같은 말이 과거의 신호예요.","1. 우리는 사진을 많이 찍었다. (take → took)
2. 그녀는 지난주에 새 재킷을 샀다. (buy → bought)
3. 나는 어제 학교에 안 갔다.
4. 너 숙제 끝냈어?
5. 그는 어젯밤 늦게 집에 왔다. (come → came)","규칙: 동사 + -ed (played, studied, stopped)
불규칙: go–went, see–saw, buy–bought, take–took, make–made
부정: didn't + 동사원형
의문: Did + 주어 + 동사원형 ~?","✗ I didn't went there. → ✓ I didn't go there. (didn't 뒤에는 동사원형)
✗ Did you saw it? → ✓ Did you see it? (Did 의문문도 동사원형)","did가 나오면 뒤 동사는 무조건 원형!","(바꾸기 안 함)","",""
"47","중등","중1","grow","중1","m-modals","조동사 can / may / must / should","You must wear a helmet. / May I come in?","조동사는 동사 앞에서 능력·허락·의무·충고의 뜻을 더해요.","May I use your pen?","You must be quiet in the library.","She can speak three languages.","You should see a doctor.","It may rain this afternoon.","","","","능력·허락·의무·충고·추측을 동사에 더할 때","can: ~할 수 있다 / ~해도 된다
may: ~해도 될까요? (공손) / ~일지도 모른다
must: ~해야 한다 (강한 의무)
should: ~하는 게 좋겠다 (충고)
조동사 뒤에는 늘 동사원형이 와요.","1. 펜 좀 써도 될까요? (허락)
2. 도서관에서는 조용히 해야 한다. (의무)
3. 그녀는 3개 국어를 할 수 있다. (능력)
4. 너 병원에 가 보는 게 좋겠어. (충고)
5. 오늘 오후에 비가 올지도 몰라. (추측)","조동사 + 동사원형
can 능력·허락 · may 허락·추측 · must 의무 · should 충고
부정: can't · may not · must not · shouldn't","✗ She can speaks English. → ✓ She can speak English. (조동사 뒤에는 동사원형)
✗ You must not to run here. → ✓ You must not run here. (조동사 뒤에는 to 없이)","조동사 + 동사원형, 이 공식 하나면 끝!","You can {verb} here.","동작, 취미/오락, 일상생활, 스포츠",""
"48","중등","중1","grow","중1","m-exclamation","감탄문 (What a ~! / How ~!)","What a [ ] [ ]! / How [ ]!","놀라거나 감탄할 때 What이나 How로 시작해요.","What a beautiful day!","How cute your puppy is!","What a big house it is!","How fast he runs!","What nice shoes!","","","","놀람·감동을 크게 표현할 때","명사가 있으면 What: What a beautiful day!
명사 없이 형용사·부사만 있으면 How: How fast he runs!
뒤의 ""주어 + 동사""는 생략할 수 있어요.","1. 정말 아름다운 날이다!
2. 네 강아지 정말 귀엽다!
3. 정말 큰 집이구나!
4. 그는 정말 빨리 달린다!
5. 신발 정말 멋지다!","What + (a/an) + 형용사 + 명사 (+ 주어 + 동사)!
How + 형용사/부사 (+ 주어 + 동사)!","✗ How a beautiful day! → ✓ What a beautiful day! (명사가 있으면 What)","명사가 보이면 What, 안 보이면 How!","What {a_adj} {noun}!","색깔, 크기, 동물, 사물",""
"49","중등","중1","grow","중1","m-it-impersonal","비인칭 주어 it","It is [ ]. (시간·날씨·요일·거리)","시간·날씨·요일·거리를 말할 때 주어로 it을 써요. ""그것""이라고 해석하지 않아요.","It is seven thirty.","It's very cold outside.","It is Sunday today.","It is two kilometers from here.","It is getting dark.","","","","시간·날씨·요일·거리·밝기를 말할 때","영어 문장에는 주어가 꼭 필요해요. 그래서 뜻 없는 it을 주어로 세워요.
이 it은 ""그것""이라고 해석하지 않아요.
It is getting dark. = 어두워지고 있다","1. 7시 30분이야. (시간)
2. 밖이 정말 추워. (날씨)
3. 오늘은 일요일이야. (요일)
4. 여기서 2킬로미터야. (거리)
5. 어두워지고 있어. (밝기)","시간: It is seven thirty.
날씨: It's cold. / It's raining.
요일·날짜·거리·명암도 it","✗ Is raining now. → ✓ It is raining now. (영어 문장은 주어가 꼭 필요해요)","시간·날씨·요일·거리는 It으로 시작!","(바꾸기 안 함)","",""
"50","중등","중1","grow","중1","m-to-inf-noun","to부정사 (명사처럼: ~하는 것)","I want to [ ]. / My dream is to [ ].","to + 동사원형은 ""~하는 것""이라는 뜻으로 명사처럼 쓰여요.","I hope to visit Paris someday.","She decided to join the club.","My dream is to be a pilot.","We need to save water.","He plans to learn Chinese.","","","","""~하는 것""을 주어·목적어·보어로 쓸 때
바람·계획·결심을 말할 때 (want, hope, plan, decide + to)","to + 동사원형을 ""~하는 것""으로 해석해요.
My dream is to be a pilot. → 내 꿈은 조종사가 되는 것이다
want/hope/plan/decide/need 뒤에는 to부정사가 와요.","1. 나는 언젠가 파리에 가 보길 바란다.
2. 그녀는 동아리에 들기로 결심했다.
3. 내 꿈은 조종사가 되는 것이다. (보어)
4. 우리는 물을 아껴야 한다.
5. 그는 중국어를 배울 계획이다.","to + 동사원형
want · hope · plan · decide · need + to부정사
주어·목적어·보어 자리에 와요","✗ I want going home. → ✓ I want to go home. (want는 to부정사를 목적어로)
✗ She decided to joined. → ✓ She decided to join. (to 뒤에는 동사원형)","""to + 동사원형 = ~하는 것""부터 떠올리세요.","I hope to {verb} this weekend.","동작, 취미/오락, 일상생활, 스포츠",""
"51","중등","중1","grow","중1","m-gerund","동명사 (~ing: ~하는 것)","I enjoy [ ]ing. / [ ]ing is fun.","동사에 -ing를 붙여 ""~하는 것""이라는 명사로 써요.","I enjoy playing the piano.","Reading books is my hobby.","He finished cleaning his room.","Stop talking, please.","She kept smiling all day.","","","","""~하는 것""을 명사로 쓸 때 (특히 취미·즐기는 일)
enjoy, finish, stop, keep 뒤에서","동사 + -ing가 명사 역할을 하면 동명사예요.
주어로 쓰면 단수 취급: Reading books is fun.
enjoy/finish/stop/keep 뒤에는 동명사만 와요.","1. 나는 피아노 치는 걸 즐긴다.
2. 책 읽기는 내 취미다. (주어 → is)
3. 그는 방 청소를 끝냈다.
4. 떠드는 거 그만해 줘.
5. 그녀는 하루 종일 계속 웃었다.","동사원형 + -ing
enjoy · finish · stop · keep · mind + 동명사
주어 자리: Swimming is fun.","✗ I enjoy to play games. → ✓ I enjoy playing games. (enjoy는 동명사만)
✗ Swim is fun. → ✓ Swimming is fun. (주어 자리에는 동명사)","enjoy · finish · stop · keep 뒤에는 -ing!","I enjoy {verb_ing}. / {verb_ing} is fun.","동작, 취미/오락, 일상생활, 스포츠",""
"52","중등","중1","grow","중1","m-dative","수여동사 (give me a book)","He gave me a gift. = He gave a gift to me.","""누구에게 무엇을"" 주는 동사는 사람과 물건을 함께 써요.","My mom made me a cake.","Can you show me your picture?","He sent a letter to his grandma.","I bought a present for my sister.","Ms. Kim teaches us English.","","","","누군가에게 무엇을 주거나 해 줄 때","동사 + 사람(~에게) + 물건(~을) 순서가 기본이에요.
물건을 앞으로 보내면 사람 앞에 to나 for를 붙여요.
to: give, send, show, teach / for: make, buy, cook","1. 엄마가 나에게 케이크를 만들어 주셨다.
2. 네 사진 좀 보여 줄래?
3. 그는 할머니께 편지를 보냈다. (send ~ to)
4. 나는 여동생에게 선물을 샀다. (buy ~ for)
5. 김 선생님은 우리에게 영어를 가르치신다.","give · send · show · tell · teach + 사람 + 물건
물건을 앞으로: 물건 + to + 사람
buy · make · cook: 물건 + for + 사람","✗ He gave to me a gift. → ✓ He gave me a gift. (사람이 바로 오면 to 없이)
✗ She made a cake to me. → ✓ She made a cake for me. (make · buy · cook은 for)","""사람 + 물건""이면 전치사 없이, ""물건 + 사람""이면 to/for!","(바꾸기 안 함)","",""
"53","중등","중1","grow","중1","m-linking-verbs","감각동사 + 형용사 (look happy)","You look [ ]. / It smells [ ].","look, sound, smell, taste, feel 뒤에는 형용사가 와요.","You look tired today.","This soup tastes great.","That sounds interesting.","The blanket feels soft.","She looks like her mom.","","","","보이는 모습·들리는 느낌·냄새·맛·촉감을 말할 때","look(~해 보이다), sound(~하게 들리다), smell(~한 냄새가 나다), taste(~한 맛이 나다), feel(~한 느낌이 들다)
뒤에는 형용사가 와요. 해석이 ""~하게""여도 부사는 쓰지 않아요.
명사가 올 때는 like를 붙여요: She looks like her mom.","1. 너 오늘 피곤해 보여.
2. 이 수프 정말 맛있다.
3. 그거 재미있겠다.
4. 담요가 부드럽다.
5. 그녀는 엄마를 닮았다. (look like + 명사)","look · sound · smell · taste · feel + 형용사
""~하게""로 해석돼도 부사가 아니라 형용사
명사가 오면 look like + 명사","✗ You look happily. → ✓ You look happy. (감각동사 뒤에는 형용사)
✗ He looks a movie star. → ✓ He looks like a movie star. (명사가 오면 look like)","감각동사 뒤에는 형용사, 명사면 like!","You look {adj} today.","감정, 상태",""
"54","중등","중1","grow","중1","m-conj-when-if-that","접속사 when / if / that","When I was young, … / If it rains, … / I think that …","두 문장을 이어서 때(when), 조건(if), 생각의 내용(that)을 말해요.","When I got home, my dog was sleeping.","If you are hungry, eat this.","I think that he is honest.","If it rains tomorrow, we will stay home.","I know that you are busy.","","","","두 문장을 이어서 때(when)·조건(if)·생각 내용(that)을 말할 때","when = ~할 때, if = 만약 ~하면, that = ~라는 것
when/if 문장 안에서는 미래라도 현재시제를 써요: If it rains tomorrow, …
think/know/hope 뒤의 that은 자주 생략해요.","1. 내가 집에 왔을 때 우리 개는 자고 있었다.
2. 배고프면 이거 먹어.
3. 나는 그가 정직하다고 생각한다.
4. 내일 비가 오면 우리는 집에 있을 거야.
5. 나는 네가 바쁘다는 걸 알아.","when: ~할 때 · if: 만약 ~하면
때·조건을 말할 때는 미래라도 현재시제: If it rains tomorrow, …
that: ~라는 것 (think · know · hope 뒤, 생략 가능)","✗ If it will rain tomorrow, we will stay home. → ✓ If it rains tomorrow, we will stay home. (조건 부사절은 미래 대신 현재시제)","if · when 문장 속 미래는 현재시제로!","(바꾸기 안 함)","",""
"55","중등","중1","grow","중1","m-comparison","비교급·최상급 (more / most, as ~ as)","[A] is more [ ] than [B]. / [A] is as [ ] as [B].","둘을 비교하면 비교급, 셋 이상에서 가장 ~하면 최상급을 써요.","This book is more interesting than that one.","She is the most popular student in our class.","My bag is as heavy as yours.","Your idea is better than mine.","This is the worst movie ever.","","","","둘을 비교하거나(비교급), 가장 ~한 것을 말할 때(최상급), 같은 정도를 말할 때(as ~ as)","짧은 단어는 -er/-est, 긴 단어(3음절 이상 등)는 more/most
good → better → best, bad → worse → worst는 외워요.
as + 원래 모양 + as = ~만큼 …한","1. 이 책이 저 책보다 더 재미있다.
2. 그녀는 우리 반에서 가장 인기 많은 학생이다.
3. 내 가방은 네 가방만큼 무겁다.
4. 네 생각이 내 생각보다 낫다. (good → better)
5. 이건 최악의 영화야. (bad → worst)","짧은 말: -er / -est (tall – taller – tallest)
긴 말: more / most (beautiful – more beautiful – most beautiful)
불규칙: good – better – best, bad – worse – worst
as + 원급 + as: ~만큼 …한","✗ She is more taller than me. → ✓ She is taller than me. (-er와 more를 같이 쓰지 않아요)
✗ It is gooder than before. → ✓ It is better than before. (good의 비교급은 better)","둘은 -er/more, 셋 이상은 the -est/most!","(바꾸기 안 함)","",""
"56","중등","중1","grow","중1","m-prep-time","시간 전치사 at / on / in","at 7 o'clock / on Monday / in May","시각은 at, 요일·날짜는 on, 월·계절·연도는 in이에요.","The class starts at nine.","My birthday is on March 3rd.","We go skiing in winter.","I was born in 2012.","Let's meet on Saturday.","","","","언제인지 시간 표현 앞에 붙일 때","at: 짧은 한 점 — 시각(at 3), 정오(at noon)
on: 하루 단위 — 요일(on Monday), 날짜(on May 5th)
in: 긴 기간 — 월(in July), 계절(in winter), 연도(in 2012)","1. 수업은 9시에 시작한다.
2. 내 생일은 3월 3일이다.
3. 우리는 겨울에 스키를 타러 간다.
4. 나는 2012년에 태어났다.
5. 토요일에 만나자.","at + 시각 (at 3:00, at noon, at night)
on + 요일·날짜 (on Friday, on May 5th)
in + 월·계절·연도 (in July, in winter, in 2025)","✗ See you in Monday. → ✓ See you on Monday. (요일은 on)","점은 at, 하루는 on, 긴 기간은 in!","(바꾸기 안 함)","",""
"57","중등","중1","bridge","중1","m-how-questions","How often / How long / How far","How often do you [ ]? / How long …?","How 뒤에 다른 말을 붙여 빈도·기간·거리·양을 물어요.","How often do you exercise?","How long does it take to get there?","How far is the station from here?","How much water do you drink a day?","How many brothers do you have?","","","","얼마나 자주·오래·멀리·많이인지 물을 때","How often = 얼마나 자주 (대답: every day, twice a week)
How long = 얼마나 오래 · How far = 얼마나 먼
How many + 셀 수 있는 복수 명사 / How much + 셀 수 없는 명사·가격","1. 얼마나 자주 운동해?
2. 거기 가는 데 얼마나 걸려?
3. 역이 여기서 얼마나 멀어?
4. 하루에 물을 얼마나 마셔?
5. 남자 형제가 몇 명이야?","How often: 얼마나 자주
How long: 얼마나 오래
How far: 얼마나 먼
How many + 복수명사 / How much + 셀 수 없는 명사","✗ How many water do you need? → ✓ How much water do you need? (셀 수 없는 명사는 much)","How 뒤에 붙는 말만 바꾸면 여러 질문이 돼요.","How often do you {verb}?","동작, 취미/오락, 일상생활, 스포츠",""
"58","중등","중2","entry","중2","m-present-perfect","현재완료 (have + 과거분사)","I have [과거분사] … / Have you ever [과거분사] …?","과거에 시작된 일이 지금까지 이어지거나 영향을 줄 때 써요.","I have been to Jeju Island twice.","Have you ever seen a whale?","She has lived here since 2020.","We have just finished dinner.","He has lost his wallet.","","","","과거에 시작된 일이 지금까지 이어지거나 영향을 줄 때
경험을 물을 때: Have you ever …?","과거는 ""그때"" 일만, 현재완료는 ""그때부터 지금까지""를 말해요.
경험(ever, never) · 계속(for, since) · 완료(just, already) · 결과(잃어버려서 지금 없음)
yesterday처럼 과거를 콕 집는 말과는 같이 쓰지 않아요.","1. 나는 제주도에 두 번 가 봤다. (경험)
2. 고래 본 적 있어? (경험)
3. 그녀는 2020년부터 여기 살고 있다. (계속)
4. 우리는 막 저녁을 다 먹었다. (완료)
5. 그는 지갑을 잃어버렸다. (결과: 지금 없음)","have/has + 과거분사(p.p.)
경험(ever, never, before) · 계속(for, since) · 완료(just, already, yet) · 결과
yesterday, last week, ago처럼 과거를 콕 집는 말과는 같이 안 써요","✗ I have seen him yesterday. → ✓ I saw him yesterday. (yesterday가 있으면 과거시제)
✗ She have lived here for years. → ✓ She has lived here for years. (3인칭 단수는 has)","""지금은?""이 함께 느껴지면 현재완료!","(바꾸기 안 함)","",""
"59","중등","중2","entry","중2","m-past-progressive","과거진행 (was/were ~ing)","I was [ ]ing when …","과거의 어느 순간에 하고 있던 일을 말해요.","I was sleeping when you called.","They were playing soccer at 5 p.m.","What were you doing last night?","She was reading while I was cooking.","It was snowing in the morning.","","","","과거 어느 순간에 하고 있던 일을 말할 때","was/were + 동사ing = ~하고 있었다
긴 배경 동작은 과거진행, 중간에 끼어든 짧은 일은 과거시제
while(~하는 동안) 뒤에 자주 와요.","1. 네가 전화했을 때 나는 자고 있었다.
2. 그들은 오후 5시에 축구를 하고 있었다.
3. 어젯밤에 뭐 하고 있었어?
4. 내가 요리하는 동안 그녀는 책을 읽고 있었다.
5. 아침에 눈이 오고 있었다.","was/were + 동사ing: ~하고 있었다
when, while과 자주 같이 써요","✗ They was playing soccer. → ✓ They were playing soccer. (they는 were)","""그때 ~하고 있었다""면 was/were + -ing!","I was {verb_ing} at that time.","동작, 취미/오락, 일상생활, 스포츠",""
"60","중등","중2","grow","중2","m-passive","수동태 (be + 과거분사)","[ ] is/was [과거분사] (by [ ]).","""~되다, ~받다""처럼 동작을 받는 쪽을 주어로 말해요.","This bridge was built in 1990.","English is spoken in many countries.","The window was broken by Tom.","The cookies were made by my dad.","The letter will be sent tomorrow.","","","","행동을 받는 쪽이 더 중요할 때
누가 했는지 모르거나 중요하지 않을 때","능동: Tom broke the window. → 수동: The window was broken by Tom.
be동사 + 과거분사 = ~되다, ~받다
누가 했는지는 by ~로 붙이거나 생략해요.","1. 이 다리는 1990년에 지어졌다.
2. 영어는 많은 나라에서 쓰인다.
3. 창문은 톰에 의해 깨졌다.
4. 쿠키는 아빠가 만드셨다.
5. 편지는 내일 보내질 것이다.","be동사 + 과거분사 (+ by 행위자)
시제는 be동사로: is made / was made / will be made
누가 했는지 중요하지 않으면 by ~는 생략해요","✗ The car was wash by him. → ✓ The car was washed by him. (be동사 뒤에는 과거분사)
✗ This song is loving by many people. → ✓ This song is loved by many people. (수동태는 -ing가 아니라 과거분사)","주어가 ""당하는"" 쪽이면 be + p.p.!","(바꾸기 안 함)","",""
"61","중등","중2","grow","중2","m-to-inf-adj-adv","to부정사 (~할 / ~하기 위해)","something to [ ] / I went there to [ ].","to부정사가 명사를 꾸미거나(~할), 목적·감정의 이유(~하기 위해, ~해서)를 말해요.","I need something to drink.","She went to the library to study.","I'm glad to meet you.","He has a lot of homework to do.","We got up early to see the sunrise.","","","","명사를 꾸며 ""~할 무엇""이라고 할 때
""~하기 위해서""라고 목적을 말할 때
""~해서 기쁘다/슬프다""처럼 감정의 이유를 말할 때","명사 + to부정사: something to drink = 마실 것
목적: to study = 공부하기 위해
감정 + to부정사: glad to meet you = 만나서 기쁜","1. 나는 마실 것이 필요해.
2. 그녀는 공부하러 도서관에 갔다.
3. 만나서 반가워.
4. 그는 해야 할 숙제가 많다.
5. 우리는 해돋이를 보려고 일찍 일어났다.","명사 + to부정사: ~할 (something to drink)
목적: ~하기 위해 (to study)
감정의 원인: glad to meet you","✗ I need something drink. → ✓ I need something to drink. (명사를 꾸밀 때는 to부정사)","해석이 ""~할"", ""~하려고"", ""~해서"" 중 무엇이 자연스러운지 넣어 보세요.","I went to the park to {verb}.","동작, 취미/오락, 일상생활, 스포츠",""
"62","중등","중2","grow","중2","m-gerund-vs-inf","동명사 vs to부정사 목적어","I enjoy [ ]ing. / I want to [ ].","동사마다 뒤에 동명사가 올지, to부정사가 올지 정해져 있어요.","He gave up eating junk food.","They promised to come back.","I like swimming. = I like to swim.","It started raining again.","She stopped to buy some water.","","","","동사 뒤에 -ing를 쓸지 to를 쓸지 고를 때","끝냈거나 즐기는 일(이미 하는 일) → -ing: enjoy, finish, give up
앞으로 할 일 → to: want, hope, plan, promise
stop -ing = ~을 그만두다 / stop to = ~하려고 멈추다","1. 그는 정크푸드 먹는 걸 끊었다.
2. 그들은 다시 오겠다고 약속했다.
3. 나는 수영하는 걸 좋아한다. (둘 다 가능)
4. 다시 비가 오기 시작했다.
5. 그녀는 물을 사려고 멈췄다. (stop to = ~하려고)","동명사만: enjoy · finish · mind · give up · keep
to부정사만: want · hope · plan · decide · promise
둘 다: like · love · start · begin
stop -ing(~을 멈추다) vs stop to(~하려고 멈추다)","✗ I finished to read the book. → ✓ I finished reading the book. (finish는 동명사)
✗ We decided going there. → ✓ We decided to go there. (decide는 to부정사)","이미 하는 일은 -ing, 앞으로 할 일은 to!","(바꾸기 안 함)","",""
"63","중등","중2","grow","중2","m-object-complement","5형식 (make me happy / want me to ~)","The song makes me [ ]. / She wants me to [ ].","목적어 뒤에 그 목적어의 상태나 할 일을 한 번 더 말해요.","This song makes me happy.","My mom wants me to clean my room.","We call our dog Coco.","Please keep the door open.","The teacher told us to be quiet.","","","","누군가를 어떤 상태로 만들거나, 무엇을 하라고 시키거나, 무엇이라고 부를 때","목적어 뒤의 말이 목적어를 설명해요. (me = happy)
make/keep + 목적어 + 형용사
want/tell/ask + 목적어 + to부정사
call/name + 목적어 + 명사","1. 이 노래는 나를 행복하게 한다.
2. 엄마는 내가 방을 청소하기를 원하신다.
3. 우리는 우리 개를 코코라고 부른다.
4. 문을 열어 두세요.
5. 선생님은 우리에게 조용히 하라고 하셨다.","make · keep · find + 목적어 + 형용사
want · ask · tell · allow + 목적어 + to부정사
call · name + 목적어 + 명사","✗ She wants me clean my room. → ✓ She wants me to clean my room. (want + 목적어 + to부정사)
✗ The movie made me sadly. → ✓ The movie made me sad. (목적어 뒤에는 형용사)","목적어 = 목적격 보어 관계인지 확인하세요.","This song makes me {adj}.","감정",""
"64","중등","중2","grow","중2","m-relative-subject","관계대명사 who / which / that (주격)","a girl who [ ] / a book which [ ]","앞의 명사를 뒤에서 문장으로 꾸며 줘요.","I have a friend who lives in Canada.","The boy who is singing is my brother.","I like movies that have happy endings.","The dog which is sleeping is Max.","She is the girl who won the race.","","","","사람이나 물건을 뒤에서 자세히 꾸며 줄 때","두 문장을 합치는 방법: I have a friend. + He lives in Canada. → a friend who lives in Canada
사람은 who, 사물·동물은 which, 둘 다 that 가능
관계대명사 뒤 동사는 앞 명사의 수에 맞춰요.","1. 나는 캐나다에 사는 친구가 있다.
2. 노래하고 있는 남자아이는 우리 형이다.
3. 나는 행복하게 끝나는 영화가 좋다.
4. 자고 있는 개는 맥스다.
5. 그녀가 경주에서 이긴 아이다.","사람 + who (that)
사물·동물 + which (that)
관계대명사 뒤 동사는 앞 명사에 맞춰요","✗ I have a friend which lives in Canada. → ✓ I have a friend who lives in Canada. (사람은 who)
✗ The boy who are singing is my brother. → ✓ The boy who is singing is my brother. (앞 명사(the boy)에 맞춰 is)","명사 뒤에 who/which가 오면 ""~하는 (명사)""로 해석!","(바꾸기 안 함)","",""
"65","중등","중2","grow","중2","m-relative-object","목적격 관계대명사 (생략 가능)","the book (that) I read","관계대명사가 뒤 문장의 목적어 역할을 할 때는 생략할 수 있어요.","This is the book (that) I read yesterday.","The girl (who) I met was kind.","The pizza (which) we ordered was cold.","Is this the bag (that) you lost?","He is the singer I like most.","","","","""내가 ~한 (명사)""처럼 뒤 문장의 목적어가 되는 명사를 꾸밀 때","This is the book. + I read it yesterday. → the book (that) I read yesterday
목적격 관계대명사는 자주 생략해요: the singer I like
관계대명사가 이미 목적어라서 it을 또 쓰지 않아요.","1. 이건 내가 어제 읽은 책이다.
2. 내가 만난 여자아이는 친절했다.
3. 우리가 주문한 피자는 식어 있었다.
4. 이게 네가 잃어버린 가방이야?
5. 그는 내가 가장 좋아하는 가수다. (관계대명사 생략)","명사 + (who/which/that) + 주어 + 동사
목적격 관계대명사는 생략 가능
뒤 문장에 목적어를 또 쓰지 않아요","✗ This is the book that I read it. → ✓ This is the book that I read. (관계대명사가 목적어라 it을 또 쓰지 않아요)","명사 바로 뒤에 ""주어 + 동사""가 오면 관계대명사가 숨어 있어요.","(바꾸기 안 함)","",""
"66","중등","중2","grow","중2","m-have-to","have to / must not / don't have to","You have to [ ]. / You don't have to [ ]. / You must not [ ].","해야 하는 일, 안 해도 되는 일, 하면 안 되는 일을 구별해요.","We have to wear a uniform.","You don't have to hurry.","You must not use your phone in class.","She has to get up early.","I had to wait for an hour.","","","","해야 하는 일·안 해도 되는 일·하면 안 되는 일을 구별할 때","have to = must: ~해야 한다
don't have to: ~할 필요가 없다 (해도 되고 안 해도 됨)
must not: ~하면 안 된다 (금지)
과거는 had to","1. 우리는 교복을 입어야 한다.
2. 서두를 필요 없어.
3. 수업 중에 휴대폰을 쓰면 안 된다. (금지)
4. 그녀는 일찍 일어나야 한다. (she → has to)
5. 나는 한 시간을 기다려야 했다. (과거 → had to)","have to = must: ~해야 한다
don't have to: ~할 필요 없다
must not: ~하면 안 된다 (금지)
과거: had to","✗ She have to go now. → ✓ She has to go now. (3인칭 단수는 has to)
✗ You don't have to run here. (금지) → ✓ You must not run here. (금지는 must not)","don't have to는 ""안 해도 돼"", must not은 ""하면 안 돼""!","You don't have to {verb}.","동작, 취미/오락, 일상생활, 스포츠",""
"67","중등","중2","bridge","중2","m-tag-questions","부가의문문 (…, isn't it?)","It's cold, isn't it? / You like pizza, don't you?","말끝에 짧은 질문을 붙여 ""그렇지?"" 하고 확인해요.","You are a student, aren't you?","She can swim, can't she?","He didn't come, did he?","Tom likes soccer, doesn't he?","It was fun, wasn't it?","","","","""그렇지?"", ""그렇지 않니?"" 하고 확인할 때","앞이 긍정이면 꼬리는 부정, 앞이 부정이면 꼬리는 긍정
be동사·조동사는 그대로, 일반동사는 do/does/did로
꼬리의 주어는 대명사로 바꿔요: Tom → he","1. 너 학생이지, 그렇지?
2. 그녀는 수영할 수 있지, 그렇지?
3. 그는 안 왔지, 그렇지?
4. 톰은 축구 좋아하지, 그렇지?
5. 재미있었지, 그렇지?","긍정문 → 부정 꼬리, 부정문 → 긍정 꼬리
be동사·조동사는 그대로, 일반동사는 do/does/did
꼬리의 주어는 대명사","✗ Tom likes soccer, doesn't Tom? → ✓ Tom likes soccer, doesn't he? (꼬리 주어는 대명사)","앞과 반대로, 동사 종류는 그대로!","(바꾸기 안 함)","",""
"68","중등","중2","bridge","중2","m-because-although","because / because of / although","Because it rained, … / Although it rained, …","이유는 because, ""~이지만""은 although로 이어요.","I stayed home because I had a cold.","We canceled the game because of the rain.","Although he was tired, he kept working.","Though it was cold, we went swimming.","I was late because I missed the bus.","","","","이유를 말할 때(because)
""~이지만""이라고 반대 상황을 말할 때(although)","because + 주어 + 동사 / because of + 명사
although(though) + 주어 + 동사 = ~이지만
although와 but은 한 문장에 같이 쓰지 않아요.","1. 감기에 걸려서 집에 있었다.
2. 비 때문에 경기를 취소했다. (because of + 명사)
3. 그는 피곤했지만 계속 일했다.
4. 추웠지만 우리는 수영하러 갔다.
5. 버스를 놓쳐서 늦었다.","because + 주어 + 동사 / because of + 명사
although (though): ~이지만
although와 but은 같이 쓰지 않아요","✗ Because of it rained, we stayed home. → ✓ Because it rained, we stayed home. (주어 + 동사 앞에는 because)
✗ Although it was cold, but we went out. → ✓ Although it was cold, we went out. (although와 but을 같이 쓰지 않아요)","뒤에 문장이면 because, 명사면 because of!","(바꾸기 안 함)","",""
"69","중등","중2","bridge","중2","m-superlative-one-of","one of the + 최상급 + 복수명사","one of the [ ]est [ ]s","""가장 ~한 것들 중 하나""라고 말할 때 써요.","Seoul is one of the biggest cities in the world.","He is the tallest in his class.","This is the most exciting game of the year.","She is one of the best players on the team.","Summer is the hottest of the four seasons.","","","","""가장 ~한 것 중 하나""라고 말할 때
어떤 범위에서 가장 ~한지 말할 때","one of the + 최상급 + 복수명사 (가장 ~한 것들 중 하나)
the + 최상급 + in + 장소·집단 (in my class)
the + 최상급 + of + 비교 대상들 (of the four seasons)","1. 서울은 세계에서 가장 큰 도시 중 하나다.
2. 그는 반에서 키가 가장 크다.
3. 이건 올해 가장 신나는 경기다.
4. 그녀는 팀에서 가장 잘하는 선수 중 한 명이다.
5. 여름은 사계절 중 가장 덥다.","one of the + 최상급 + 복수명사
the + 최상급 + in(장소·집단) / of(비교 대상들)","✗ one of the best player → ✓ one of the best players (one of 뒤에는 복수명사)","one of 뒤에는 꼭 복수명사!","(바꾸기 안 함)","",""
"70","중등","중3","entry","중3","m-relative-what","관계대명사 what (~하는 것)","What I want is [ ]. / Tell me what you need.","what은 ""~하는 것""이라는 뜻으로, 앞에 꾸밀 명사가 없어요.","What I need is some rest.","This is what I wanted.","Show me what you bought.","I can't believe what he said.","What she said was true.","","","","""~하는 것""을 한 단어로 말할 때","what = the thing that (~하는 것)
what 앞에는 꾸밀 명사(선행사)가 없어요.
What I need = 내가 필요한 것","1. 내게 필요한 건 휴식이다.
2. 이게 내가 원했던 거야.
3. 네가 산 걸 보여 줘.
4. 그가 한 말을 믿을 수 없어.
5. 그녀가 한 말은 사실이었다.","what = the thing(s) which: ~하는 것
앞에 선행사(꾸밀 명사)가 없어요","✗ This is the thing what I wanted. → ✓ This is what I wanted. (what 앞에는 선행사가 없어요)","앞에 명사가 없는데 ""~하는 것""이면 what!","(바꾸기 안 함)","",""
"71","중등","중3","entry","중3","m-relative-adverb","관계부사 where / when / why / how","the place where … / the day when …","장소·시간·이유·방법을 나타내는 명사를 뒤에서 꾸며요.","This is the house where I was born.","I remember the day when we first met.","Tell me the reason why you were late.","This is how I solved the problem.","Do you know a place where we can eat?","","","","장소·시간·이유·방법 명사를 뒤에서 꾸밀 때","장소 + where, 시간 + when, 이유(the reason) + why, 방법 + how
관계부사 뒤에는 빠진 것 없는 완전한 문장이 와요.
the way와 how는 둘 중 하나만 써요.","1. 이곳이 내가 태어난 집이다.
2. 나는 우리가 처음 만난 날을 기억한다.
3. 네가 늦은 이유를 말해 줘.
4. 이렇게 나는 문제를 풀었다.
5. 우리가 밥 먹을 수 있는 곳 알아?","장소 + where · 시간 + when · the reason + why
the way how는 같이 쓰지 않고 the way 또는 how 하나만","✗ This is the way how I did it. → ✓ This is how I did it. (the way와 how는 둘 중 하나만)","앞 명사가 장소면 where, 시간이면 when!","(바꾸기 안 함)","",""
"72","중등","중3","grow","중3","m-participle","분사 (sleeping baby / broken window)","a sleeping baby / a broken window","동사의 -ing(~하는), 과거분사(~된)가 형용사처럼 명사를 꾸며요.","Look at the sleeping baby.","Don't touch the broken glass.","The game was really exciting.","I was excited about the trip.","The boy wearing a cap is my brother.","","","","동사를 형용사처럼 써서 명사를 꾸밀 때
감정을 나타낼 때 (exciting / excited)","-ing(현재분사): ~하는, ~하고 있는 — a sleeping baby
p.p.(과거분사): ~된, ~당한 — broken glass
감정: 감정을 주는 쪽은 -ing(exciting), 느끼는 쪽은 p.p.(excited)","1. 자고 있는 아기를 봐.
2. 깨진 유리를 만지지 마.
3. 경기는 정말 신났다. (경기가 신나게 함)
4. 나는 여행 때문에 신이 났다. (내가 신남을 느낌)
5. 모자를 쓴 남자아이가 우리 형이다.","현재분사(-ing): ~하는 (능동·진행)
과거분사(p.p.): ~된 (수동·완료)
감정: exciting(신나게 하는) vs excited(신이 난)","✗ I was very boring in class. → ✓ I was very bored in class. (내가 지루함을 느끼면 bored)","내가 느끼면 -ed, 남을 그렇게 만들면 -ing!","(바꾸기 안 함)","",""
"73","중등","중3","grow","중3","m-causative","사역동사 make / let / have","My mom made me [ ] my room.","""~에게 …하게 하다""는 사역동사 + 목적어 + 동사원형이에요.","My mom made me clean my room.","Let me introduce myself.","I had him fix my bike.","He helped me carry the boxes.","The teacher let us go home early.","","","","누군가에게 무엇을 하게 시키거나 허락할 때","make: 억지로 ~하게 하다 · let: ~하게 허락하다 · have: ~하게 시키다(맡기다)
이 세 동사는 목적어 뒤에 동사원형을 써요.
help는 동사원형·to부정사 둘 다 돼요.","1. 엄마가 나에게 방을 청소하게 하셨다.
2. 제 소개를 할게요.
3. 나는 그에게 자전거를 고치게 했다.
4. 그는 내가 상자를 나르는 걸 도와줬다.
5. 선생님이 우리를 일찍 집에 가게 해 주셨다.","make · let · have + 목적어 + 동사원형
get + 목적어 + to부정사
help + 목적어 + (to) 동사원형","✗ She made me to wait. → ✓ She made me wait. (사역동사 + 목적어 다음은 동사원형)","make · let · have + 사람 + 동사원형!","Let me {verb}.","동작, 취미/오락, 일상생활, 스포츠",""
"74","중등","중3","grow","중3","m-perception","지각동사 see / hear / watch + 목적어 + 동사","I saw him [ ].","보고 듣고 느낀 것을 목적어 + 동사원형(또는 -ing)으로 말해요.","I saw him cross the street.","We heard someone singing.","She watched the kids play outside.","I felt the ground shake.","Did you hear the phone ring?","","","","보거나 듣거나 느낀 장면을 그대로 말할 때","see, watch, hear, feel + 목적어 + 동사원형 (처음부터 끝까지 봄)
+ -ing를 쓰면 ""하고 있는 중""을 봤다는 느낌이에요.
to는 쓰지 않아요.","1. 나는 그가 길을 건너는 걸 봤다.
2. 우리는 누군가 노래하고 있는 걸 들었다.
3. 그녀는 아이들이 밖에서 노는 걸 지켜봤다.
4. 나는 땅이 흔들리는 걸 느꼈다.
5. 전화벨 울리는 거 들었어?","see · watch · hear · feel + 목적어 + 동사원형 또는 -ing
-ing를 쓰면 ""하고 있는 중""을 강조해요","✗ I saw him to dance. → ✓ I saw him dance. (지각동사 뒤에는 to 없이)","보고 듣는 동사 + 사람 + 동사원형(또는 -ing)!","I saw her {verb}.","동작, 취미/오락, 일상생활, 스포츠",""
"75","중등","중3","grow","중3","m-it-to","가주어 it ~ to부정사","It is [ ] to [ ].","긴 to부정사 주어는 뒤로 보내고 그 자리에 it을 써요.","It is fun to play board games.","It is hard for me to get up early.","It is important to drink enough water.","It is dangerous to swim here.","It was easy to find the answer.","","","","""~하는 것은 …하다""를 자연스럽게 말할 때","To play board games is fun. → 주어가 길어서 뒤로 보내고 It을 앞에 둬요.
It is + 형용사 + to부정사
누가 하는지 말하려면 for + 사람: It is hard for me to …","1. 보드게임 하는 건 재미있다.
2. 나는 일찍 일어나는 게 힘들다.
3. 물을 충분히 마시는 건 중요하다.
4. 여기서 수영하는 건 위험하다.
5. 답을 찾는 건 쉬웠다.","It is + 형용사 + (for 사람) + to부정사
진짜 주어는 to부정사, it은 가짜 주어","✗ It is hard for me get up early. → ✓ It is hard for me to get up early. (to부정사를 빼먹지 않기)","It을 보면 뒤의 to부정사가 진짜 주인공!","It is fun to {verb}.","동작, 취미/오락, 일상생활, 스포츠",""
"76","중등","중3","grow","중3","m-too-enough-so","too ~ to / enough to / so ~ that","too [ ] to [ ] / [ ] enough to [ ] / so [ ] that …","정도가 지나치거나 충분한지, 그래서 어떻게 됐는지 말해요.","I'm too tired to walk.","She is old enough to drive.","It was so cold that we stayed inside.","This box is too heavy to lift.","He ran so fast that nobody caught him.","","","","정도가 지나쳐서 못 하거나(too … to), 충분해서 할 수 있을 때(enough to)
""너무 ~해서 …했다""라고 결과를 말할 때(so … that)","too + 형용사 + to = 너무 ~해서 …할 수 없다 (부정의 뜻)
형용사 + enough to = …할 만큼 충분히 ~하다
so + 형용사 + that + 문장 = 너무 ~해서 …하다","1. 나는 너무 피곤해서 걸을 수 없다.
2. 그녀는 운전할 만큼 나이가 들었다.
3. 너무 추워서 우리는 안에 있었다.
4. 이 상자는 너무 무거워서 들 수 없다.
5. 그는 너무 빨리 달려서 아무도 그를 못 잡았다.","too + 형용사 + to부정사: 너무 ~해서 …할 수 없다
형용사 + enough to: …할 만큼 충분히 ~하다
so + 형용사 + that + 주어 + 동사: 너무 ~해서 …하다","✗ She is enough old to drive. → ✓ She is old enough to drive. (enough는 형용사 뒤에)","too는 ""못 한다"", enough는 ""할 수 있다""!","(바꾸기 안 함)","",""
"77","중등","중3","grow","중3","m-indirect-question","간접의문문 (Do you know where he lives?)","Do you know where he lives?","질문이 다른 문장 속에 들어가면 주어 + 동사 순서가 돼요.","Do you know where she lives?","I wonder what time it is.","Can you tell me how I can get there?","I don't know if he will come.","Please tell me who your teacher is.","","","","질문을 다른 문장 속에 넣어 공손하게 물을 때","Where does she live? → Do you know where she lives?
의문사 뒤를 ""주어 + 동사"" 평서문 순서로 바꿔요.
의문사가 없는 질문은 if/whether: Is he coming? → I don't know if he will come.","1. 그녀가 어디 사는지 알아?
2. 지금 몇 시인지 궁금해.
3. 거기 어떻게 가는지 알려 줄래?
4. 그가 올지 모르겠어.
5. 너희 선생님이 누구인지 말해 줘.","의문사 + 주어 + 동사 (평서문 순서)
의문사가 없으면 if / whether + 주어 + 동사","✗ Do you know where does she live? → ✓ Do you know where she lives? (간접의문문은 주어 + 동사 순서)","문장 속 질문은 ""의문사 + 주어 + 동사"" 순서!","(바꾸기 안 함)","",""
"78","중등","중3","bridge","중3","m-subjunctive","가정법 과거 (If I were ~)","If I were [ ], I would [ ].","지금 사실과 반대되는 일을 상상할 때 과거형을 써요.","If I were a bird, I would fly to you.","If I had a lot of money, I would buy a house.","I wish I could speak French.","If he knew the answer, he would tell us.","I wish I were taller.","","","","지금 사실과 반대되는 상상을 할 때
이룰 수 없는 소망을 말할 때 (I wish)","현재를 상상하는데 과거형을 써서 ""사실은 아니다""라는 신호를 줘요.
If + 과거동사, would + 동사원형 (be동사는 were)
실제로 바꾸면: If I were a bird … → I'm not a bird.","1. 내가 새라면 너에게 날아갈 텐데. (실제: 새가 아님)
2. 돈이 많다면 집을 살 텐데.
3. 프랑스어를 할 수 있으면 좋을 텐데.
4. 그가 답을 안다면 우리에게 말해 줄 텐데.
5. 키가 더 크면 좋을 텐데.","If + 주어 + 과거동사(be는 were), 주어 + would/could + 동사원형
I wish + 과거동사: ~라면 좋을 텐데","✗ If I am a bird, I would fly. → ✓ If I were a bird, I would fly. (가정법 과거는 과거형(be는 were))","현재 얘기인데 과거형이 보이면 ""상상""이에요.","(바꾸기 안 함)","",""
"79","중등","중3","bridge","중3","m-past-perfect","과거완료 (had + 과거분사)","When I arrived, the bus had already left.","과거의 어느 때보다 더 먼저 일어난 일을 말해요.","When I got to the station, the train had already left.","I had never seen snow before I visited Canada.","She lost the book that I had lent her.","We had finished dinner when Dad came home.","He said he had lost his key.","","","","과거의 두 일 중 ""더 먼저"" 일어난 일을 표시할 때","had + 과거분사
나중 일은 과거, 먼저 일은 과거완료로 써요.
When I got there, the train had left. → 기차가 떠난 게 먼저","1. 내가 역에 도착했을 때 기차는 이미 떠났다.
2. 나는 캐나다에 가기 전까지 눈을 본 적이 없었다.
3. 그녀는 내가 빌려줬던 책을 잃어버렸다.
4. 아빠가 오셨을 때 우리는 저녁을 다 먹었었다.
5. 그는 열쇠를 잃어버렸었다고 말했다.","had + 과거분사
과거 시점보다 더 이전의 일","✗ When I arrived, the bus has already left. → ✓ When I arrived, the bus had already left. (과거보다 더 이전은 had + p.p.)","두 과거 중 더 먼저 일어난 쪽에 had p.p.!","(바꾸기 안 함)","",""
"80","중등","중3","bridge","중3","m-passive-advanced","수동태 확장 (can be done / be interested in)","It can be [과거분사]. / I'm interested in [ ].","조동사가 있는 수동태와, by 대신 다른 전치사를 쓰는 표현이에요.","This problem can be solved easily.","The work must be finished by Friday.","I'm interested in science.","The box was filled with toys.","The mountain is covered with snow.","","","","조동사와 함께 수동태를 쓸 때
by 대신 다른 전치사를 쓰는 수동 표현을 쓸 때","조동사 + be + 과거분사: can be solved, must be finished
be interested in(~에 관심 있다), be filled with(~로 가득 차다), be covered with(~로 덮여 있다)
be known for(~로 유명하다), be made of(~로 만들어지다)","1. 이 문제는 쉽게 풀 수 있다.
2. 일은 금요일까지 끝나야 한다.
3. 나는 과학에 관심이 있다.
4. 상자는 장난감으로 가득 차 있었다.
5. 산은 눈으로 덮여 있다.","조동사 + be + 과거분사
be interested in · be filled with · be covered with · be known for · be made of","✗ The work must finished today. → ✓ The work must be finished today. (조동사 뒤에 be를 빼먹지 않기)","be interested in처럼 짝지어진 전치사는 통째로 외우세요.","(바꾸기 안 함)","",""
"81","8품사","8품사","entry","8품사","pos-overview","8품사 한눈에 보기","[명사] [대명사] [동사] [형용사] [부사] [전치사] [접속사] [감탄사]","영어 단어는 문장에서 하는 일에 따라 8가지 무리(품사)로 나눠요.","Tom is my friend.","He likes pizza.","Birds fly.","It is a red apple.","She sings beautifully.","The cat is under the table.","I like milk and bread.","Oh, I forgot!","문장에서 단어가 어떤 역할을 하는지 알면 문장 구조가 보여요.
사전의 n.(명사), v.(동사), adj.(형용사), adv.(부사) 표시를 읽을 수 있어요.
""형용사는 명사를 꾸며요"" 같은 문법 설명을 이해하는 바탕이에요.","명사는 이름, 대명사는 이름 대신 쓰는 말, 동사는 움직임이나 상태예요.
형용사는 명사를 꾸미고, 부사는 동사·형용사·다른 부사·문장 전체를 꾸며요.
전치사는 명사 앞에서 위치·시간·방향을 알려 주고, 접속사는 말과 말을 이어요.
감탄사는 놀람·기쁨 같은 감정을 짧게 나타내요.
같은 단어도 문장에서 하는 일에 따라 품사가 바뀌어요. I drink water.(명사) / I water the plants.(동사)","1. 톰은 내 친구야. (Tom = 명사: 사람 이름)
2. 그는 피자를 좋아해. (He = 대명사: Tom 대신)
3. 새들은 날아. (fly = 동사: 움직임)
4. 그건 빨간 사과야. (red = 형용사: apple을 꾸밈)
5. 그녀는 아름답게 노래해. (beautifully = 부사: sings를 꾸밈)
6. 고양이가 탁자 아래에 있어. (under = 전치사: 위치)
7. 나는 우유와 빵을 좋아해. (and = 접속사: 두 말을 이음)
8. 아, 깜빡했다! (Oh = 감탄사: 놀람)","명사(n.) · 대명사(pron.) · 동사(v.) · 형용사(adj.)
부사(adv.) · 전치사(prep.) · 접속사(conj.) · 감탄사(interj.)","✗ He is a happily boy. → ✓ He is a happy boy. (명사(boy)를 꾸미는 건 형용사)
✗ She runs quick. → ✓ She runs quickly. (동사(runs)를 꾸미는 건 부사)","""이름 → 명사, 움직임 → 동사, 꾸미기 → 형용사(명사를)·부사(나머지를)""부터 기억하세요.","(바꾸기 안 함)","",""
"82","8품사","8품사","entry","8품사","pos-noun","명사 (Noun)","Tom has a dog. / I drink water.","사람·사물·장소·생각 등 모든 것의 이름이에요.","I have a dog and two cats.","Can I have a glass of water?","Seoul is a big city.","Honesty is important.","She gave me some advice.","","","","무엇(누구)에 대해 말하는지 주인공을 정할 때
동사가 무엇을 하는지 그 대상을 말할 때
셀 수 있는지 없는지에 따라 a/an, -s, many/much가 달라져요","셀 수 있는 명사: 하나, 둘 셀 수 있어요. 하나면 a/an, 여러 개면 -s를 붙여요. (a book, two books)
셀 수 없는 명사: 물·돈·정보처럼 모양이 일정하지 않거나 눈에 안 보이는 것. a/an도 -s도 안 붙여요. (water, money, information)
셀 수 없는 명사를 셀 때는 단위를 써요. (a glass of water, a piece of paper)
사람 이름·나라·도시 같은 고유명사는 대문자로 시작해요. (Korea, Seoul, Minji)","1. 나는 개 한 마리와 고양이 두 마리가 있어.
2. 물 한 잔 마실 수 있을까요? (water는 셀 수 없어서 a glass of)
3. 서울은 큰 도시야. (Seoul = 고유명사)
4. 정직은 중요해. (눈에 안 보이는 생각도 명사)
5. 그녀가 나에게 조언을 좀 해 줬어. (advice는 셀 수 없어요)","셀 수 있는 명사: a/an + 단수 / 복수형 -s·-es
셀 수 없는 명사: a/an ✗, -s ✗ → a glass of, a piece of로 세기
고유명사: 대문자로 시작","✗ I need an information. → ✓ I need some information. (information은 셀 수 없는 명사)
✗ I have two childs. → ✓ I have two children. (child의 복수형은 children)","""a를 붙일 수 있나?""를 먼저 따져 보면 셀 수 있는 명사인지 알 수 있어요.","I have two {nouns}.","사물, 학교/문구, 장난감, 동물",""
"83","8품사","8품사","grow","8품사","pos-pronoun","대명사 (Pronoun)","Minji is kind. → She is kind.","앞에 나온 명사를 반복하지 않으려고 대신 쓰는 말이에요.","I met Jisu. She was very kind.","This is my bag, and that is yours.","Everyone loves him.","Is there anything in the box?","I made it myself.","","","","같은 이름을 계속 말하지 않으려고
나(I)·너(you)처럼 말하는 사람끼리 가리킬 때
this/that, something처럼 가리키거나 딱 정해지지 않은 것을 말할 때","인칭대명사: I, you, he, she, it, we, they — 자리에 따라 모양이 바뀌어요. (I – my – me – mine)
지시대명사: this(이것), that(저것), these(이것들), those(저것들)
부정대명사: someone, something, everyone, nothing처럼 딱 정해지지 않은 대상
재귀대명사: myself, yourself처럼 ""나 자신""을 말할 때 (I hurt myself.)","1. 지수를 만났어. 그녀는 정말 친절했어. (She = 지수)
2. 이건 내 가방이고, 저건 네 거야.
3. 모두가 그를 좋아해. (everyone은 단수 취급 → loves)
4. 상자 안에 뭐가 있니?
5. 내가 그걸 직접 만들었어. (myself = 나 스스로)","주격: I · you · he · she · it · we · they
목적격: me · you · him · her · it · us · them
this/that(하나) · these/those(여러 개)
-self/-selves: 자기 자신","✗ Me and my friend went to the park. → ✓ My friend and I went to the park. (주어 자리에는 주격 I)
✗ Everyone are happy. → ✓ Everyone is happy. (everyone은 단수 취급)","대명사를 보면 ""누구(무엇)를 대신하지?""를 앞 문장에서 찾아보세요.","(바꾸기 안 함)","",""
"84","8품사","8품사","grow","8품사","pos-verb","동사 (Verb)","I run. / She is happy. / They have a car.","주어가 하는 움직임이나 상태를 나타내요. 모든 문장에는 동사가 꼭 있어요.","Birds fly south in winter.","My brother is a doctor.","She studies English every day.","We went to the beach last summer.","You can use my pencil.","","","","무엇을 하는지(동작) 말할 때: run, eat, study
어떤 상태인지 말할 때: be, have, like, know
언제(시제)와 누가(주어)에 따라 모양이 바뀌어요","be동사: am, is, are, was, were — ""~이다, ~있다""
일반동사: be동사를 뺀 나머지 모든 동사 (play, go, like …)
조동사: can, will, must처럼 다른 동사를 도와 뜻을 더해요
동사의 세 가지 모양 원형(go) – 과거(went) – 과거분사(gone)를 같이 외우면 좋아요","1. 새들은 겨울에 남쪽으로 날아가.
2. 우리 형은 의사야. (is = 상태)
3. 그녀는 매일 영어를 공부해. (3인칭 단수 → studies)
4. 우리는 지난여름에 바닷가에 갔어. (go → went)
5. 내 연필 써도 돼. (조동사 can + 동사원형 use)","be동사: am · is · are / was · were
일반동사: 현재 3인칭 단수 -s, 과거 -ed (불규칙은 따로)
조동사 + 동사원형","✗ He go to school. → ✓ He goes to school. (3인칭 단수 현재는 -s/-es)
✗ I am like pizza. → ✓ I like pizza. (be동사와 일반동사를 같이 쓰지 않아요)","문장을 보면 먼저 동사를 찾으세요. 동사를 찾으면 주어와 목적어가 보여요.","I {verb} every day.","동작, 취미/오락, 일상생활, 스포츠",""
"85","8품사","8품사","grow","8품사","pos-adjective","형용사 (Adjective)","a big dog / The dog is big.","명사의 모양·색·크기·기분 같은 성질을 말해요.","I have a small white rabbit.","This cake is delicious.","You look happy today.","I want something cold to drink.","The movie was boring.","","","","명사를 앞에서 꾸밀 때: a tall boy
be동사·감각동사 뒤에서 주어를 설명할 때: He is tall. / You look tired.
비교할 때: taller, the tallest","자리 1 — 명사 앞: a **cute** puppy
자리 2 — be동사·look·feel 같은 동사 뒤: The puppy is **cute**.
여러 개를 쓸 때는 대체로 ""의견 → 크기 → 색"" 순서예요. (a nice big red car)
-thing으로 끝나는 말은 뒤에서 꾸며요: something **cold**","1. 나는 작고 하얀 토끼가 있어.
2. 이 케이크 맛있다.
3. 너 오늘 행복해 보여. (look 뒤에는 형용사)
4. 차가운 마실 것을 원해. (something 뒤에서 꾸밈)
5. 그 영화는 지루했어.","형용사 + 명사
be동사 / 감각동사 + 형용사
-thing + 형용사 (something new)","✗ I want cold something. → ✓ I want something cold. (-thing은 형용사가 뒤에서 꾸며요)
✗ You look happily. → ✓ You look happy. (look 뒤에는 형용사)","""어떤?""이라고 물었을 때 대답이 되는 말이 형용사예요.","It's {a_adj} {noun}.","색깔, 크기, 사물, 동물",""
"86","8품사","8품사","grow","8품사","pos-adverb","부사 (Adverb)","She runs fast. / It is very cold. / Luckily, I won.","동사·형용사·다른 부사·문장 전체를 꾸며서 ""어떻게, 얼마나, 언제, 얼마나 자주""를 더해요.","Please speak slowly.","It is really hot today.","She always gets up early.","He did well on the test.","Luckily, nobody was hurt.","","","","어떻게 했는지: slowly, carefully
얼마나 그런지: very, really, too
언제·얼마나 자주: now, yesterday, always, sometimes
문장 전체에 대한 생각: luckily, maybe","많은 부사는 형용사 + -ly로 만들어요: quick → quickly, happy → happily
모양이 형용사와 같은 것도 있어요: fast, hard, early, late
빈도부사(always, usually, often, sometimes, never)는 보통 일반동사 앞, be동사 뒤에 와요.
good의 부사는 well이에요.","1. 천천히 말해 주세요. (speak를 꾸밈)
2. 오늘 정말 덥다. (hot을 꾸밈)
3. 그녀는 항상 일찍 일어나. (빈도부사)
4. 그는 시험을 잘 봤어. (good이 아니라 well)
5. 다행히 아무도 다치지 않았어. (문장 전체를 꾸밈)","형용사 + -ly (y → ily)
fast · hard · early · late = 형용사와 모양이 같음
빈도부사: 일반동사 앞 / be동사·조동사 뒤","✗ He did good on the test. → ✓ He did well on the test. (동사를 꾸밀 때는 부사 well)
✗ She gets always up early. → ✓ She always gets up early. (빈도부사는 일반동사 앞)","형용사는 명사만, 부사는 나머지 전부를 꾸민다고 기억하세요.","(바꾸기 안 함)","",""
"87","8품사","8품사","grow","8품사","pos-preposition","전치사 (Preposition)","in the box / at 3 o'clock / with my friend","명사 앞에 붙어서 장소·시간·방향·함께 등을 알려 줘요.","The keys are on the table.","I was born in May.","Let's meet at the bus stop.","I went to the park with my dad.","Wash your hands before eating.","","","","어디에: in, on, under, next to
언제: at, on, in, before, after
어디로·누구와·무엇으로: to, from, with, by","명사 ""앞에 두는 말""이라서 전치사예요. 뒤에는 항상 명사(대명사)가 와요: with **me** (with I ✗)
시간: at + 시각 / on + 요일·날짜 / in + 월·계절·연도
장소: at + 한 지점 / on + 표면 위 / in + 공간 안
전치사 뒤에 동사가 오면 -ing: before **eating**","1. 열쇠는 탁자 위에 있어.
2. 나는 5월에 태어났어.
3. 버스 정류장에서 만나자.
4. 아빠랑 공원에 갔어.
5. 먹기 전에 손을 씻어. (전치사 뒤 동사는 -ing)","전치사 + 명사 / 대명사(목적격)
전치사 + 동명사(-ing)","✗ Come with I. → ✓ Come with me. (전치사 뒤에는 목적격)
✗ I am good at swim. → ✓ I am good at swimming. (전치사 뒤 동사는 -ing)","전치사는 뜻만 외우기보다 ""in the box, on Monday""처럼 덩어리로 외우세요.","(바꾸기 안 함)","",""
"88","8품사","8품사","grow","8품사","pos-conjunction","접속사 (Conjunction)","A and B / A but B / because ~ / when ~","단어와 단어, 문장과 문장을 이어 주는 말이에요.","I like tea and coffee.","It is small but strong.","Do you want juice or milk?","I stayed home because it was raining.","When I was young, I lived in Busan.","","","","비슷한 말을 이을 때: and, or
반대되는 말을 이을 때: but
이유·조건·때를 붙일 때: because, if, when
""~라는 것""을 말할 때: that","and, but, or, so는 같은 무게의 두 말을 나란히 이어요.
because, if, when, although, that은 한쪽 문장이 다른 문장의 이유·조건·때·내용이 되게 해요.
because 뒤에는 주어 + 동사, because of 뒤에는 명사가 와요.","1. 나는 차와 커피를 좋아해.
2. 그건 작지만 튼튼해.
3. 주스 마실래, 우유 마실래?
4. 비가 와서 집에 있었어.
5. 어렸을 때 나는 부산에 살았어.","and · but · or · so: 나란히 연결
because · if · when · although · that + 주어 + 동사","✗ Because it was raining. → ✓ I stayed home because it was raining. (because 문장만 혼자 쓰지 않아요)
✗ Although he is rich, but he is not happy. → ✓ Although he is rich, he is not happy. (although와 but을 같이 쓰지 않아요)","접속사를 보면 문장을 두 덩어리로 나눠서 읽어 보세요.","(바꾸기 안 함)","",""
"89","8품사","8품사","bridge","8품사","pos-interjection","감탄사 (Interjection)","Wow! / Oh, … / Oops!","놀람·기쁨·아픔 같은 감정을 짧게 나타내는 말이에요.","Wow, that's amazing!","Ouch! That hurts.","Oops, I dropped my phone.","Hooray! We won the game!","Hmm, let me think.","","","","감정을 바로 표현할 때
대화에서 자연스럽게 반응할 때","문장의 다른 부분과 문법적으로 연결되지 않아요. 빼도 문장이 성립해요.
뒤에 느낌표(!)나 쉼표(,)를 붙여요.
자주 쓰는 것: wow(와!), oh(아), oops(아이고), ouch(아야), hooray(만세), hmm(음…)","1. 와, 정말 멋지다!
2. 아야! 아파.
3. 아이고, 휴대폰 떨어뜨렸다.
4. 만세! 우리가 이겼어!
5. 음, 생각해 볼게.","감탄사 + ! 또는 ,","","감탄사는 억양을 살려 크게 읽어 보면 금방 익숙해져요.","(바꾸기 안 함)","",""
"90","시제","시제","entry","시제","tense-overview","시제 한눈에 보기 (12시제)","I play / played / will play · am playing · have played · have been playing","시제는 ""언제""(과거·현재·미래) 일어난 일인지와 ""어떤 모습""(끝났는지, 하는 중인지)을 동사 모양으로 나타내요.","I play soccer every Sunday.","I played soccer yesterday.","I will play soccer tomorrow.","I am playing soccer now.","I have played soccer for five years.","I have been playing soccer since noon.","","","과거·현재·미래 3가지 때 × 단순·진행·완료·완료진행 4가지 모습 = 12시제예요.
처음에는 단순 3개(현재·과거·미래) → 진행 → 현재완료 순서로 익히면 충분해요.","단순: 사실·습관·한 번 일어난 일 (play / played / will play)
진행: 그때 하고 있는 중 (am playing / was playing / will be playing)
완료: 그때까지 이어지거나 끝난 일 (have played / had played / will have played)
완료진행: 그때까지 계속 하고 있던 중 (have been playing / had been playing / will have been playing)","1. 나는 일요일마다 축구를 해. (현재: 습관)
2. 나는 어제 축구를 했어. (과거)
3. 나는 내일 축구를 할 거야. (미래)
4. 나는 지금 축구를 하는 중이야. (현재진행)
5. 나는 5년 동안 축구를 해 왔어. (현재완료: 계속)
6. 나는 정오부터 계속 축구를 하고 있어. (현재완료진행)","단순: play · played · will play
진행: be + 동사ing
완료: have + 과거분사
완료진행: have been + 동사ing","✗ I am play soccer now. → ✓ I am playing soccer now. (진행형은 be + 동사ing)","""언제?"" 다음에 ""끝났어? 하는 중이야?""를 물어보면 시제가 정해져요.","(바꾸기 안 함)","",""
"91","시제","시제","entry","시제","tense-present","현재 (Present Simple)","I play … / She plays …","늘 하는 습관, 변하지 않는 사실, 정해진 일정을 말해요.","I get up at seven every day.","Water boils at 100 degrees.","She lives in Seoul.","The train leaves at 9 a.m.","He doesn't eat meat.","","","","매일·자주 하는 일: I walk to school.
언제나 참인 사실: The sun rises in the east.
시간표처럼 정해진 일: The train leaves at 9.","I, you, we, they가 주어면 동사원형을 그대로 써요.
he, she, it(3인칭 단수)이 주어면 동사에 -s/-es를 붙여요. (plays, watches, studies)
부정문은 don't/doesn't + 동사원형, 의문문은 Do/Does + 주어 + 동사원형?
every day, always, usually 같은 말과 자주 같이 써요.","1. 나는 매일 7시에 일어나. (습관)
2. 물은 100도에서 끓어. (사실)
3. 그녀는 서울에 살아.
4. 기차는 오전 9시에 떠나. (정해진 일정)
5. 그는 고기를 안 먹어.","I · you · we · they + 동사원형
he · she · it + 동사-s/-es
부정: don't/doesn't + 원형 · 의문: Do/Does + 주어 + 원형?","✗ She don't like it. → ✓ She doesn't like it. (3인칭 단수는 doesn't)
✗ Does he likes it? → ✓ Does he like it? (Does 뒤에는 동사원형)","""늘, 항상, 원래""라는 말이 어울리면 현재시제예요.","She {verb_s} every day.","동작, 취미/오락, 일상생활, 스포츠",""
"92","시제","시제","entry","시제","tense-past","과거 (Past Simple)","I played … / I went …","이미 끝난 과거의 일을 말해요.","I visited my grandma last weekend.","She bought a new phone yesterday.","We didn't watch TV last night.","Did you see the rainbow?","He was tired an hour ago.","","","","어제·지난주·몇 년 전에 한 일을 말할 때
yesterday, last ~, ~ ago, in 2020 같은 말과 함께","규칙 동사는 -ed를 붙여요: play → played, study → studied, stop → stopped
불규칙 동사는 따로 외워요: go → went, eat → ate, see → saw
부정문은 didn't + 동사원형, 의문문은 Did + 주어 + 동사원형?
be동사의 과거는 was(I, he, she, it) / were(you, we, they)","1. 나는 지난 주말에 할머니 댁에 갔어.
2. 그녀는 어제 새 휴대폰을 샀어. (buy → bought)
3. 우리는 어젯밤에 TV를 안 봤어.
4. 무지개 봤어?
5. 그는 한 시간 전에 피곤했어.","규칙: 동사 + -ed
불규칙: go–went · eat–ate · see–saw · buy–bought
부정: didn't + 원형 · 의문: Did + 주어 + 원형?","✗ Did you went there? → ✓ Did you go there? (Did 뒤에는 동사원형)
✗ I goed to school. → ✓ I went to school. (go는 불규칙 → went)","과거를 콕 집는 말(yesterday, ago, last)이 있으면 과거시제예요.","I {verb_ed} yesterday.","동작, 취미/오락, 일상생활, 스포츠",""
"93","시제","시제","grow","시제","tense-future","미래 (will / be going to)","I will play … / I am going to play …","앞으로 일어날 일, 계획, 예측을 말해요.","I will call you tonight.","Look at the clouds. It is going to rain.","We are going to visit Jeju next month.","Will you help me?","I won't be late.","","","","지금 막 정한 일·약속: I will call you.
이미 정해 둔 계획: I am going to visit Jeju.
앞으로의 예측: It will be sunny tomorrow.","will + 동사원형: 즉석에서 정한 일, 약속, 막연한 예측
be going to + 동사원형: 미리 정한 계획, 눈앞의 증거가 있는 예측 (구름이 잔뜩 → It is going to rain.)
부정: won't(will not) / am not going to
때·조건을 말하는 when/if 문장 안에서는 미래도 현재시제를 써요.","1. 오늘 밤에 전화할게. (약속)
2. 구름 좀 봐. 비가 오겠다. (눈앞의 증거)
3. 우리는 다음 달에 제주도에 갈 거야. (계획)
4. 나 좀 도와줄래?
5. 늦지 않을게.","will + 동사원형
be going to + 동사원형
부정: won't + 원형","✗ I will to go there. → ✓ I will go there. (will 뒤에는 동사원형)
✗ She is going to visits us. → ✓ She is going to visit us. (to 뒤에는 동사원형)","""지금 정했다""면 will, ""이미 정해 뒀다""면 be going to를 떠올리세요.","I will {verb} tomorrow.","동작, 취미/오락, 일상생활, 스포츠",""
"94","시제","시제","grow","시제","tense-present-progressive","현재진행 (am/is/are + ing)","I am [ ]ing now.","지금 이 순간 하고 있는 일을 말해요.","I am reading a book now.","Look! It is snowing.","They are playing in the yard.","What are you doing?","She isn't sleeping.","","","","말하는 지금 하고 있는 일: I am eating.
요즘 잠깐 하고 있는 일: I am learning Chinese these days.
가까운 미래의 확정된 약속: I am meeting him tomorrow.","am/is/are + 동사ing
-ing 만드는 법: e로 끝나면 e 빼고(make → making), 단모음+단자음이면 한 번 더(run → running), ie는 y로(lie → lying)
know, like, want, have(가지다), believe 같은 ""상태""를 나타내는 동사는 진행형으로 거의 안 써요.","1. 나는 지금 책을 읽고 있어.
2. 봐! 눈이 오고 있어.
3. 그들은 마당에서 놀고 있어.
4. 너 뭐 하고 있어?
5. 그녀는 자고 있지 않아.","am · is · are + 동사ing
상태동사(know · like · want)는 진행형 ✗","✗ I am knowing him. → ✓ I know him. (know는 상태동사라 진행형 ✗)
✗ He is runing. → ✓ He is running. (run → running (n을 한 번 더))","""지금 ~하는 중""이라고 해석되면 현재진행이에요.","I'm {verb_ing} now.","동작, 취미/오락, 일상생활, 스포츠",""
"95","시제","시제","grow","시제","tense-past-progressive","과거진행 (was/were + ing)","I was [ ]ing when …","과거의 어느 순간에 하고 있던 일을 말해요.","I was taking a shower when you called.","They were playing games at 8 p.m.","It was raining all morning.","What were you doing then?","While I was cooking, he was cleaning.","","","","그때 무엇을 하고 있었는지: At 8 p.m., I was studying.
하고 있던 일 도중에 다른 일이 일어났을 때: I was sleeping when you called.","was/were + 동사ing
길게 이어지던 일은 과거진행, 중간에 짧게 끼어든 일은 과거시제로 써요.
while(~하는 동안) 뒤에 자주 와요: While I was cooking, …","1. 네가 전화했을 때 나는 샤워하고 있었어.
2. 그들은 저녁 8시에 게임을 하고 있었어.
3. 아침 내내 비가 오고 있었어.
4. 그때 뭐 하고 있었어?
5. 내가 요리하는 동안 그는 청소하고 있었어.","was(I · he · she · it) / were(you · we · they) + 동사ing
긴 배경 = 과거진행 · 끼어든 일 = 과거","✗ We was playing. → ✓ We were playing. (we는 were)
✗ I was sleep when you called. → ✓ I was sleeping when you called. (was 뒤에는 동사ing)","""그때 ~하고 있었다""로 해석되면 과거진행이에요.","I was {verb_ing} at 8 p.m.","동작, 취미/오락, 일상생활, 스포츠",""
"96","시제","시제","grow","시제","tense-future-progressive","미래진행 (will be + ing)","I will be [ ]ing …","미래의 어느 순간에 하고 있을 일을 말해요.","I will be sleeping at midnight.","This time tomorrow, we will be flying to Japan.","She will be waiting for you.","Don't call at 7. I will be having dinner.","Will you be using the computer tonight?","","","","내일 이 시간에 무엇을 하고 있을지: This time tomorrow, I will be flying.
상대의 계획을 부드럽게 물을 때: Will you be using the car tonight?","will be + 동사ing
미래의 특정 시점(at 9 tomorrow, this time next week)과 함께 자주 써요.","1. 자정에는 자고 있을 거야.
2. 내일 이 시간에 우리는 일본으로 날아가고 있을 거야.
3. 그녀가 너를 기다리고 있을 거야.
4. 7시에는 전화하지 마. 저녁 먹고 있을 거야.
5. 오늘 밤에 컴퓨터 쓸 거니?","will be + 동사ing","✗ I will be sleep at midnight. → ✓ I will be sleeping at midnight. (be 뒤에는 동사ing)","""미래의 그 순간에 ~하고 있을 거야""라고 해석되면 미래진행이에요.","I will be {verb_ing} at 9 tonight.","동작, 취미/오락, 일상생활, 스포츠",""
"97","시제","시제","bridge","시제","tense-present-perfect","현재완료 (have + 과거분사)","I have [과거분사] …","과거에 시작된 일이 지금까지 이어지거나, 지금에 영향을 주고 있을 때 써요.","I have lived here for ten years.","She has already eaten lunch.","Have you ever been to Japan?","I have lost my key.","We haven't finished yet.","","","","경험: ~해 본 적이 있다 (ever, never, before)
계속: 지금까지 ~해 왔다 (for, since)
완료: 막/벌써 ~했다 (just, already, yet)
결과: ~해서 지금 …이다 (I have lost my key. → 지금 열쇠가 없음)","have/has + 과거분사(p.p.)
과거는 ""그때"" 일만 말하고, 현재완료는 ""그때부터 지금까지""를 말해요.
yesterday, last week, ago, in 2020처럼 과거를 콕 집는 말과는 같이 안 써요.
for + 기간(for three years), since + 시작 시점(since 2020)","1. 나는 10년 동안 여기 살아 왔어. (계속: 지금도 삶)
2. 그녀는 벌써 점심을 먹었어. (완료)
3. 일본에 가 본 적 있어? (경험)
4. 나 열쇠를 잃어버렸어. (결과: 지금 없음)
5. 우리는 아직 못 끝냈어.","have/has + 과거분사
경험 · 계속 · 완료 · 결과
과거 시점 표현(yesterday · ago)과 함께 ✗","✗ I have met him yesterday. → ✓ I met him yesterday. (yesterday가 있으면 과거시제)
✗ Have you ever went there? → ✓ Have you ever been there? (have 뒤에는 과거분사)","""지금은 어떤데?""를 같이 말하고 싶으면 현재완료예요.","(바꾸기 안 함)","",""
"98","시제","시제","bridge","시제","tense-past-perfect","과거완료 (had + 과거분사)","When I arrived, it had already [과거분사].","과거의 어느 때보다 더 먼저 일어난 일을 말해요.","When I arrived, the movie had already started.","She had never seen the sea before that trip.","I had finished my homework before dinner.","He told me he had lost his bag.","They had lived there for years before they moved.","","","","과거 두 사건의 순서를 분명히 할 때
""그때까지 ~해 본 적이 없었다""처럼 과거 기준의 경험·계속","had + 과거분사 (주어에 상관없이 had)
과거 시점(A)보다 더 이전(B)의 일 → B를 과거완료로 써요.
When I got there, the bus had left. → 버스가 떠난 게 먼저, 내가 도착한 게 나중","1. 내가 도착했을 때 영화는 이미 시작했었다.
2. 그녀는 그 여행 전까지 바다를 본 적이 없었다.
3. 나는 저녁 먹기 전에 숙제를 끝냈었다.
4. 그는 가방을 잃어버렸었다고 나에게 말했다.
5. 그들은 이사하기 전 몇 년 동안 거기 살았었다.","had + 과거분사
""과거보다 더 과거"" (대과거)","✗ When I arrived, the movie has already started. → ✓ When I arrived, the movie had already started. (과거보다 더 이전은 had + p.p.)","두 과거 사건 중 ""더 먼저"" 일어난 쪽에 had를 붙이세요.","(바꾸기 안 함)","",""
"99","시제","시제","bridge","시제","tense-future-perfect","미래완료 (will have + 과거분사)","By [미래 시점], I will have [과거분사].","미래의 어느 때까지 끝나 있거나, 그때까지 이어져 온 일을 말해요.","I will have finished this book by Friday.","By next year, she will have graduated.","Next month, we will have lived here for ten years.","The store will have closed by then.","By 9 p.m., I will have done my homework.","","","","""~까지는 다 끝나 있을 거야""라고 말할 때
""그때가 되면 ~한 지 N년이 된다""라고 말할 때","will have + 과거분사
by + 미래 시점(by Friday, by next year)과 자주 같이 써요.","1. 금요일까지는 이 책을 다 읽었을 거야.
2. 내년이면 그녀는 졸업했을 거야.
3. 다음 달이면 우리가 여기 산 지 10년이 된다.
4. 그때쯤이면 가게는 문을 닫았을 거야.
5. 밤 9시까지는 숙제를 다 했을 거야.","will have + 과거분사
by + 미래 시점","✗ By Friday, I will finish it. (끝나 있음을 강조) → ✓ By Friday, I will have finished it. (""~까지 끝나 있을"" 것은 미래완료)","""by + 미래""가 보이면 미래완료인지 먼저 의심해 보세요.","(바꾸기 안 함)","",""
"100","시제","시제","grow","시제","tense-present-perfect-progressive","현재완료진행 (have been + ing)","I have been [ ]ing for/since …","과거에 시작해서 지금 이 순간까지 계속 하고 있는 일을 말해요.","I have been waiting for you for an hour.","It has been raining since morning.","She has been studying English for three years.","How long have you been learning the piano?","We have been talking on the phone all night.","","","","""~부터 지금까지 계속 ~하고 있다""를 강조할 때
방금까지 하던 일의 흔적이 보일 때: You look tired. Have you been running?","have/has been + 동사ing
현재완료(계속)보다 ""지금도 하고 있는 중""이라는 느낌이 더 강해요.
for + 기간, since + 시작 시점, How long …? 과 자주 써요.","1. 너를 한 시간째 기다리고 있어.
2. 아침부터 계속 비가 오고 있어.
3. 그녀는 3년째 영어를 공부하고 있어.
4. 피아노를 배운 지 얼마나 됐어?
5. 우리는 밤새 통화하고 있어.","have/has been + 동사ing","✗ I have been wait for an hour. → ✓ I have been waiting for an hour. (been 뒤에는 동사ing)","""~째 하고 있다""로 해석되면 현재완료진행이에요.","I have been {verb_ing} all day.","동작, 취미/오락, 일상생활, 스포츠",""
"101","시제","시제","bridge","시제","tense-past-perfect-progressive","과거완료진행 (had been + ing)","I had been [ ]ing when …","과거의 어느 때까지 계속 하고 있던 일을 말해요.","I had been waiting for an hour when he finally came.","She was tired because she had been running.","They had been living in Seoul before they moved.","It had been snowing all night, so the roads were white.","He had been working there for five years when he quit.","","","","과거의 한 사건이 일어났을 때까지 얼마나 오래 해 왔는지 말할 때","had been + 동사ing
현재완료진행을 한 칸 과거로 옮긴 모양이에요.","1. 그가 마침내 왔을 때 나는 한 시간째 기다리고 있었다.
2. 그녀는 계속 달려서 피곤했다.
3. 그들은 이사하기 전까지 서울에 살고 있었다.
4. 밤새 눈이 와서 길이 하얬다.
5. 그만둘 때 그는 거기서 5년째 일하고 있었다.","had been + 동사ing","✗ I had been wait for an hour. → ✓ I had been waiting for an hour. (been 뒤에는 동사ing)","""그때까지 ~째 하고 있었다""로 해석되면 과거완료진행이에요.","(바꾸기 안 함)","",""
"102","시제","시제","bridge","시제","tense-future-perfect-progressive","미래완료진행 (will have been + ing)","By [미래 시점], I will have been [ ]ing for …","미래의 어느 때까지 계속 하고 있을 일을 말해요. 일상 대화에서는 드물게 써요.","By next month, I will have been working here for a year.","At 6, we will have been driving for five hours.","Next spring, she will have been teaching for 20 years.","By noon, they will have been playing for three hours.","In June, I will have been learning English for ten years.","","","","""그때가 되면 ~째 하고 있는 셈이다""라고 기간을 강조할 때","will have been + 동사ing
by + 미래 시점, for + 기간과 함께 써요.","1. 다음 달이면 여기서 일한 지 1년째가 된다.
2. 6시가 되면 우리는 다섯 시간째 운전하고 있는 셈이다.
3. 내년 봄이면 그녀는 20년째 가르치고 있게 된다.
4. 정오가 되면 그들은 세 시간째 경기하고 있을 것이다.
5. 6월이면 나는 영어를 배운 지 10년째가 된다.","will have been + 동사ing","✗ I will have been work here for a year. → ✓ I will have been working here for a year. (been 뒤에는 동사ing)","12시제 중 가장 드물어요. ""미래 기준 ~째""만 알아 두면 충분해요.","(바꾸기 안 함)","",""
"103","5형식","5형식","entry","5형식","forms-overview","5형식 한눈에 보기","1형식 S+V · 2형식 S+V+C · 3형식 S+V+O · 4형식 S+V+IO+DO · 5형식 S+V+O+OC","영어 문장은 동사 뒤에 무엇이 오느냐에 따라 다섯 가지 모양이 있어요.","Birds sing.","She is a nurse.","I love music.","He gave me a book.","The news made me sad.","","","","문장을 주어·동사·목적어·보어로 나눠 보면 긴 문장도 해석이 쉬워져요.
동사마다 자주 쓰는 형식이 있어서, 동사를 외울 때 같이 외우면 좋아요.","S(주어): 누가 · V(동사): 한다/이다
C(보어): 주어나 목적어가 누구인지·어떤 상태인지 채워 주는 말 (명사·형용사)
O(목적어): ~을/를 받는 대상 · IO(간접목적어): ~에게 · DO(직접목적어): ~을
in the park, every day 같은 꾸미는 말(수식어)은 형식을 셀 때 빼요.","1. 새들이 노래한다. (1형식)
2. 그녀는 간호사다. (2형식: a nurse = 그녀)
3. 나는 음악을 사랑한다. (3형식)
4. 그는 나에게 책을 줬다. (4형식)
5. 그 소식은 나를 슬프게 했다. (5형식: sad = 나의 상태)","1형식: S + V
2형식: S + V + C
3형식: S + V + O
4형식: S + V + IO(~에게) + DO(~을)
5형식: S + V + O + OC","","동사 뒤의 말이 주어와 ""=""이면 보어, ""~을/를""이면 목적어예요.","(바꾸기 안 함)","",""
"104","5형식","5형식","grow","5형식","forms-1","1형식 (주어 + 동사)","[주어] [동사] (+ 꾸미는 말)","주어와 동사만으로 뜻이 완성되는 문장이에요.","The baby cried.","We walked in the park.","My dad lives in Canada.","The accident happened last night.","There is a cat on the roof.","","","","있다·가다·오다·일어나다처럼 대상 없이 끝나는 동작을 말할 때","뒤에 오는 in the park, every day 같은 말은 꾸미는 말(수식어)이라 형식에 넣지 않아요.
There is/are도 1형식이에요. (There is a cat. = 고양이가 있다)
대표 동사: go, come, run, arrive, happen, live, be(있다)","1. 아기가 울었다.
2. 우리는 공원에서 걸었다. (in the park는 수식어)
3. 우리 아빠는 캐나다에 사신다.
4. 그 사고는 어젯밤에 일어났다.
5. 지붕 위에 고양이가 있다.","S + V (+ 부사 / 전치사 + 명사)
go · come · run · arrive · happen · live · be(있다)","✗ The accident was happened. → ✓ The accident happened. (happen은 목적어가 없어 수동태가 안 돼요)","동사 뒤를 가려도 뜻이 통하면 1형식이에요.","I {verb} every day.","동작, 취미/오락, 일상생활, 스포츠",""
"105","5형식","5형식","grow","5형식","forms-2","2형식 (주어 + 동사 + 보어)","[주어] [동사] [보어]","동사 뒤의 말(보어)이 주어가 누구인지, 어떤 상태인지 채워 줘요. 주어 = 보어 관계예요.","My sister is a teacher.","He became a famous singer.","The leaves turned red.","This milk smells bad.","Please stay calm.","","","","신분·직업을 말할 때: She is a doctor.
상태·변화·느낌을 말할 때: He became famous. / It smells good.","보어 자리에는 명사나 형용사가 와요. 부사는 올 수 없어요.
be(이다) · become/get/turn/grow(되다) · look/sound/smell/taste/feel(감각) · keep/stay/remain(유지)
""~하게""로 해석돼도 형용사를 써요: It tastes good. (well ✗)","1. 우리 언니는 선생님이다. (언니 = 선생님)
2. 그는 유명한 가수가 되었다.
3. 나뭇잎이 빨갛게 변했다.
4. 이 우유 냄새가 이상해. (bad: 형용사 보어)
5. 침착하세요.","S + V + C(명사 / 형용사)
주어 = 보어","✗ This soup tastes well. → ✓ This soup tastes good. (보어 자리에는 형용사)
✗ She became happily. → ✓ She became happy. (보어는 부사 ✗)","동사 뒤의 말이 주어를 설명하면(주어 = 그것) 2형식이에요.","I feel {adj}.","감정, 상태",""
"106","5형식","5형식","grow","5형식","forms-3","3형식 (주어 + 동사 + 목적어)","[주어] [동사] [목적어]","동사 뒤에 ""~을/를""에 해당하는 대상(목적어)이 하나 와요. 가장 흔한 문장이에요.","I like chocolate.","She wants to be a vet.","We enjoyed watching the show.","I think that he is right.","They discussed the problem.","","","","무엇을 좋아하는지, 먹는지, 만드는지처럼 행동의 대상을 말할 때","목적어 자리에는 명사, 대명사(목적격), to부정사, 동명사, that절이 올 수 있어요.
목적어 앞에 전치사를 넣지 않는 동사에 주의: discuss, marry, enter, reach, resemble","1. 나는 초콜릿을 좋아해.
2. 그녀는 수의사가 되기를 원해. (목적어: to부정사)
3. 우리는 쇼 보는 것을 즐겼어. (목적어: 동명사)
4. 나는 그가 옳다고 생각해. (목적어: that절)
5. 그들은 그 문제를 의논했다. (discuss about ✗)","S + V + O
목적어: 명사 · 목적격 대명사 · to부정사 · 동명사 · that절","✗ Let's discuss about it. → ✓ Let's discuss it. (discuss는 바로 목적어)
✗ He married with her. → ✓ He married her. (marry도 바로 목적어)","동사 뒤의 말을 ""~을/를""로 해석할 수 있으면 3형식이에요.","I like {nouns}.","동물, 음식, 장난감",""
"107","5형식","5형식","grow","5형식","forms-4","4형식 (주어 + 동사 + ~에게 + ~을)","[주어] [동사] [~에게] [~을]","""누구에게 무엇을"" 주는 동사가 목적어 두 개를 가져요.","My dad bought me a bike.","She showed us her photos.","Can you lend me your pen?","He told me the truth.","I asked him a question.","","","","주다·보내다·보여 주다·가르치다·사 주다처럼 무엇을 건네는 행동을 말할 때","간접목적어(~에게, 주로 사람) + 직접목적어(~을, 주로 물건) 순서예요.
3형식으로 바꾸면: 직접목적어 + to/for/of + 간접목적어
to: give, send, show, teach, tell, lend / for: buy, make, cook, get / of: ask
explain, say, suggest는 4형식으로 못 써요: explain it to me","1. 아빠가 나에게 자전거를 사 주셨어. (= bought a bike for me)
2. 그녀는 우리에게 사진을 보여 줬어.
3. 나에게 펜 좀 빌려줄래?
4. 그는 나에게 사실을 말했어.
5. 나는 그에게 질문을 했어. (= asked a question of him)","S + V + IO + DO
→ S + V + DO + to/for/of + IO","✗ She bought a bike to me. → ✓ She bought a bike for me. (buy는 for)
✗ He explained me the rule. → ✓ He explained the rule to me. (explain은 4형식으로 못 써요)","""~에게 ~을""로 해석되는 두 말이 나란히 있으면 4형식이에요.","(바꾸기 안 함)","",""
"108","5형식","5형식","grow","5형식","forms-5","5형식 (주어 + 동사 + 목적어 + 목적격 보어)","[주어] [동사] [목적어] [목적격 보어]","목적어 뒤에서 목적어가 어떤 상태인지, 무엇을 하는지 설명하는 말(목적격 보어)이 와요. 목적어 = 목적격 보어 관계예요.","The movie made me sad.","We call him Captain.","My mom told me to clean my room.","Keep your room clean.","I saw her dance on the stage.","","","","누군가를 어떤 상태로 만들 때: make me happy
무엇을 하라고 시키거나 부탁할 때: tell me to go
무엇이라고 부를 때: call him Captain","형용사 보어: make/keep/find + O + 형용사
명사 보어: call/name/elect + O + 명사
to부정사 보어: want/ask/tell/allow + O + to 동사
동사원형 보어: 사역(make/let/have), 지각(see/hear/watch) + O + 동사원형","1. 그 영화는 나를 슬프게 했다. (나 = 슬픈)
2. 우리는 그를 캡틴이라고 부른다. (그 = 캡틴)
3. 엄마가 나에게 방을 청소하라고 하셨다.
4. 방을 깨끗하게 유지해.
5. 나는 그녀가 무대에서 춤추는 것을 보았다.","S + V + O + OC(형용사 · 명사 · to부정사 · 동사원형)
목적어 = 목적격 보어","✗ The news made me sadly. → ✓ The news made me sad. (목적격 보어 자리에는 형용사)
✗ She told me clean my room. → ✓ She told me to clean my room. (tell + O + to부정사)","목적어 뒤의 말이 목적어를 설명하면(목적어 = 그것) 5형식이에요.","The story made me {adj}.","감정",""
"109","고등","고등·동사","bridge","고2","h-modal-perfect","조동사 + have p.p. (추측·후회)","It must have [p.p.]. / I should have [p.p.].","과거의 일에 대해 추측하거나 후회할 때 써요.","The ground is wet. It must have rained last night.","She may have missed the bus.","He can't have said that. He is too kind.","I should have studied harder.","You could have called me.","","","","""~했음이 틀림없다""처럼 과거를 강하게 추측할 때
""~했어야 했는데(안 했다)""처럼 후회할 때
""~했을 리가 없다""처럼 과거를 부정할 때","must have p.p.: ~했음이 틀림없다 (강한 확신)
may/might have p.p.: ~했을지도 모른다 (약한 추측)
can't have p.p.: ~했을 리가 없다
should have p.p.: ~했어야 했는데 (안 해서 후회)
could have p.p.: ~할 수도 있었는데 (안 했다)","1. 땅이 젖어 있네. 어젯밤에 비가 온 게 틀림없어.
2. 그녀는 버스를 놓쳤을지도 몰라.
3. 그가 그런 말을 했을 리 없어. 너무 착한 사람이거든.
4. 공부를 더 열심히 했어야 했는데. (실제로는 안 함)
5. 나한테 전화할 수도 있었잖아. (실제로는 안 함)","조동사 + have + 과거분사 = 과거에 대한 추측·후회
must(확신) · may/might(가능성) · can't(부정)
should have p.p. = 후회 · shouldn't have p.p. = 하지 말았어야 했는데","✗ I should studied harder. → ✓ I should have studied harder. (조동사 + have + p.p.)
✗ It must rain last night. → ✓ It must have rained last night. (과거 추측은 must have p.p.)","""have p.p.""가 붙으면 시간은 과거예요. 앞의 조동사가 확신·추측·후회 중 무엇인지 보세요.","(바꾸기 안 함)","",""
"110","고등","고등·동사","entry","고1","h-passive-advanced","수동태 심화 (4·5형식, 진행·완료, It is said)","I was given [ ]. / It is said that ….","4·5형식 문장, 진행·완료 시제의 수동태와 ""~라고 한다"" 표현이에요.","I was given a second chance.","The room is being cleaned now.","The bridge has been repaired.","He was elected class president.","It is said that the house is haunted.","","","","행동을 받는 쪽이 더 중요할 때
누가 했는지 모르거나 말할 필요가 없을 때
사람들이 흔히 하는 말을 전할 때 (It is said that …)","4형식 수동태: 사람이 주어 I was given a gift. / 물건이 주어 A gift was given to me.
5형식 수동태: He was elected captain. / 사역 make의 수동태는 to부정사: She was made to wait.
진행 수동태: be being p.p. (The room is being cleaned.)
완료 수동태: have been p.p. (The work has been done.)
It is said that S V = S is said to V","1. 나는 두 번째 기회를 받았다.
2. 방이 지금 청소되고 있다. (진행 수동)
3. 다리가 수리되었다. (완료 수동)
4. 그는 반장으로 뽑혔다. (5형식 수동)
5. 그 집에는 귀신이 나온다고 한다.","be + 과거분사 (+ by 행위자)
진행: be being p.p. · 완료: have been p.p.
It is said that S V = S is said to V","✗ She was made wait. → ✓ She was made to wait. (사역동사 make의 수동태는 to부정사)
✗ The room is cleaning now. → ✓ The room is being cleaned now. (방이 청소를 하는 게 아니라 ""되는"" 것)","주어가 ""하는"" 쪽인지 ""당하는"" 쪽인지 먼저 따져 보세요.","(바꾸기 안 함)","",""
"111","고등","고등·동사","grow","고1","h-have-pp","have/get + 목적어 + 과거분사","I had my hair cut.","내가 직접 하지 않고 남에게 맡겨서 ""~되게 하다"", 또는 원치 않게 ""~당하다""를 말해요.","I had my hair cut yesterday.","She got her car washed.","We had the roof repaired.","He had his wallet stolen on the bus.","You should get your eyes checked.","","","","미용실·수리점처럼 남이 해 준 일을 말할 때
도둑맞다·다치다처럼 원치 않는 일을 당했을 때","have/get + 목적어 + 과거분사: 목적어가 ~되게 하다 (I had it fixed.)
사람에게 시킬 때는 have + 사람 + 동사원형 / get + 사람 + to부정사 (I had him fix it.)
목적어와 과거분사는 ""수동"" 관계예요. my hair가 cut ""되는"" 것","1. 나는 어제 머리를 잘랐다. (미용사가 잘라 줌)
2. 그녀는 세차를 맡겼다.
3. 우리는 지붕을 수리받았다.
4. 그는 버스에서 지갑을 도둑맞았다.
5. 너 눈 검사 받아 봐야겠다.","have/get + 목적어(사물) + 과거분사
have + 사람 + 동사원형 · get + 사람 + to부정사","✗ I had my car wash. → ✓ I had my car washed. (차는 ""씻겨지는"" 것 → 과거분사)
✗ I got him fix my bike. → ✓ I got him to fix my bike. (get + 사람 + to부정사)","목적어가 스스로 그 행동을 할 수 없으면 과거분사를 쓰세요.","(바꾸기 안 함)","",""
"112","고등","고등·준동사","entry","고1","h-inf-subject-tense","to부정사의 의미상 주어·완료부정사","It is hard for me to [ ]. / He seems to have [p.p.].","to부정사의 행동을 누가 하는지, 언제 일어난 일인지 표시하는 방법이에요.","It is hard for me to wake up early.","It was kind of you to help me.","This book is too difficult for children to read.","He seems to have been sick yesterday.","I decided not to go.","","","","문장의 주어와 to부정사 행동을 하는 사람이 다를 때
to부정사의 일이 문장 동사보다 먼저 일어났을 때","의미상 주어: for + 목적격 (It is easy for me to swim.)
사람의 성격을 말하는 형용사(kind, nice, wise, foolish)는 of + 목적격 (It is kind of you to help.)
완료부정사 to have p.p.: 문장 동사보다 이전의 일 (He seems to have been sick. = It seems that he was sick.)
부정은 to 바로 앞에 not: I decided not to go.","1. 나는 일찍 일어나는 게 힘들어. (일어나는 사람 = 나)
2. 도와줘서 정말 고마워. (친절한 사람 = 너)
3. 이 책은 아이들이 읽기에 너무 어렵다.
4. 그는 어제 아팠던 것 같다. (아팠던 건 과거)
5. 나는 가지 않기로 결정했다.","for + 목적격 + to부정사
성격 형용사 → of + 목적격
to have p.p. = 한 시제 앞의 일
not / never + to부정사","✗ It was kind for you to help me. → ✓ It was kind of you to help me. (성격 형용사는 of)
✗ I decided to not go. → ✓ I decided not to go. (not은 to 앞에)","""누가 그 행동을 하지?""에 대한 답이 for/of 뒤에 와요.","(바꾸기 안 함)","",""
"113","고등","고등·준동사","entry","고1","h-gerund-idioms","동명사 관용 표현 (look forward to -ing)","I look forward to [ ]ing. / I am used to [ ]ing.","뒤에 꼭 동명사(-ing)가 오는, 통째로 외우는 표현들이에요.","I look forward to seeing you.","She is used to getting up early.","I couldn't help laughing.","He spent all day playing games.","I don't feel like eating now.","","","","기대·익숙함·어쩔 수 없음 같은 마음을 말할 때
시험에 자주 나오는 ""to + -ing"" 표현을 구별할 때","여기서 to는 전치사라서 뒤에 동사원형이 아니라 -ing가 와요: look forward to, be used to, object to
cannot help -ing: ~하지 않을 수 없다
be busy -ing: ~하느라 바쁘다 · spend 시간 -ing: ~하는 데 시간을 쓰다
feel like -ing: ~하고 싶다 · It is no use -ing: ~해도 소용없다
used to + 동사원형(예전에 ~했다)과 be used to -ing(~에 익숙하다)는 뜻이 달라요.","1. 너를 만나기를 기대하고 있어.
2. 그녀는 일찍 일어나는 데 익숙하다.
3. 나는 웃지 않을 수 없었다.
4. 그는 하루 종일 게임을 하며 보냈다.
5. 지금은 먹고 싶지 않아.","look forward to · be used to · object to + -ing
cannot help -ing · be busy -ing · spend 시간 -ing · feel like -ing","✗ I look forward to see you. → ✓ I look forward to seeing you. (여기서 to는 전치사 → -ing)
✗ I am used to get up early. → ✓ I am used to getting up early. (be used to + -ing)","""to 뒤에 명사를 넣어도 말이 되면"" 그 to는 전치사예요. (look forward to the trip)","I look forward to {verb_ing}.","동작, 취미/오락, 일상생활, 스포츠",""
"114","고등","고등·준동사","grow","고1","h-participle-clause","분사구문","[ ]ing …, 주어 + 동사. / Having [p.p.], …","접속사와 주어를 줄이고 동사를 -ing로 바꿔 문장을 짧게 만든 거예요.","Walking down the street, I met an old friend.","Feeling tired, she went to bed early.","Having finished my homework, I watched TV.","Seen from the sky, the island looks like a heart.","Not knowing what to say, he just smiled.","","","","때·이유·동시 동작을 간단히 말할 때
이야기·설명하는 글에서 문장을 짧고 매끄럽게 할 때","만드는 법: ① 접속사 빼기 ② (두 문장 주어가 같으면) 주어 빼기 ③ 동사를 -ing로
When I walked home, I met Tom. → Walking home, I met Tom.
수동이면 (Being) p.p.: (Being) tired, I went to bed early.
먼저 일어난 일이면 Having p.p.: Having finished my homework, I watched TV.
부정은 Not을 맨 앞에: Not knowing what to do, I cried.","1. 길을 걷다가 옛 친구를 만났다. (= When I was walking …)
2. 피곤해서 그녀는 일찍 잤다. (= Because she felt tired …)
3. 숙제를 끝낸 뒤에 나는 TV를 봤다. (먼저 일어난 일)
4. 하늘에서 보면 그 섬은 하트 모양이다. (섬은 ""보이는"" 것)
5. 무슨 말을 할지 몰라서 그는 그냥 웃었다.","접속사 ✗ + 주어 ✗ + 동사ing
수동: (Being) + 과거분사
이전 시점: Having + 과거분사
부정: Not + 분사","✗ Walking down the street, a dog bit me. → ✓ Walking down the street, I was bitten by a dog. (분사구문의 주인공은 뒤 문장 주어와 같아야 해요)
✗ Seeing from the sky, the island looks like a heart. → ✓ Seen from the sky, the island looks like a heart. (섬은 보여지는 것 → 과거분사)","분사구문을 보면 앞에 when/because/while 중 무엇이 빠졌는지 넣어서 해석해 보세요.","(바꾸기 안 함)","",""
"115","고등","고등·준동사","bridge","고2","h-with-absolute","with + 명사 + 분사 (~한 채로)","with [명사] [분사]","""~한 채로, ~하면서""라는 뜻으로 동시에 벌어지는 모습을 덧붙여요.","He listened to music with his eyes closed.","She fell asleep with the TV on.","Don't talk with your mouth full.","He stood there with his arms folded.","The dog came in with its tail wagging.","","","","어떤 모습·자세로 행동했는지 그림처럼 설명할 때","명사가 스스로 하는 동작이면 -ing: with the dog **following** me
명사가 당하는 상태면 과거분사: with his eyes **closed**
분사 대신 형용사·전치사구도 와요: with your mouth **full**, with a book **in his hand**","1. 그는 눈을 감은 채 음악을 들었다.
2. 그녀는 TV를 켜 놓은 채 잠이 들었다.
3. 입에 음식을 가득 넣은 채 말하지 마.
4. 그는 팔짱을 낀 채 거기 서 있었다.
5. 개가 꼬리를 흔들면서 들어왔다.","with + 명사 + 현재분사(능동)
with + 명사 + 과거분사(수동)
with + 명사 + 형용사 / 전치사구","✗ with his eyes closing → ✓ with his eyes closed (눈은 ""감겨지는"" 것 → 과거분사)","""with + 명사"" 다음 말은 그 명사가 하는지(-ing) 당하는지(p.p.)만 보면 돼요.","(바꾸기 안 함)","",""
"116","고등","고등·관계사·접속사","entry","고1","h-relative-nonrestrictive","관계대명사 계속적 용법 (, which / , who)","[명사], which/who …","관계대명사 앞에 쉼표를 찍으면, 앞 명사에 대해 ""덧붙여 설명""하는 느낌이 돼요.","I met Jisu, who is my best friend.","He passed the exam, which surprised everyone.","My father, who is a pilot, travels a lot.","We visited Gyeongju, which is famous for its history.","She lent me a book, which I read in one night.","","","","이미 누구인지 아는 명사에 정보를 더할 때
앞 문장 전체를 받아 ""그런데 그것은""이라고 이어 갈 때 (, which)","쉼표 없는 관계대명사(한정적 용법): 여러 개 중 ""어떤 것""인지 좁혀 줘요.
쉼표 있는 관계대명사(계속적 용법): ""그런데 그 사람/그것은""처럼 앞에서부터 순서대로 해석해요.
계속적 용법에는 that을 쓸 수 없어요.
, which는 앞 문장 전체를 받을 수 있어요.","1. 나는 지수를 만났는데, 그녀는 내 가장 친한 친구야.
2. 그는 시험에 합격했는데, 그게 모두를 놀라게 했다. (which = 앞 문장 전체)
3. 우리 아빠는 조종사인데, 여행을 많이 하신다.
4. 우리는 경주에 갔는데, 그곳은 역사로 유명하다.
5. 그녀가 나에게 책을 빌려줬는데, 나는 그걸 하룻밤에 다 읽었다.",", who(사람) · , which(사물 · 앞 문장 전체)
계속적 용법에 that ✗
해석: 앞에서부터 ""그리고/그런데 그는/그것은""","✗ I met Jisu, that is my best friend. → ✓ I met Jisu, who is my best friend. (계속적 용법에는 that을 못 써요)","쉼표가 보이면 끊어서 앞에서부터 차례로 해석하세요.","(바꾸기 안 함)","",""
"117","고등","고등·관계사·접속사","grow","고2","h-prep-relative","전치사 + 관계대명사 (in which)","the house in which I live","관계대명사가 전치사의 목적어일 때, 전치사를 관계대명사 앞으로 옮긴 모양이에요.","This is the house in which I grew up.","The person to whom I spoke was very kind.","I remember the day on which we first met.","This is the pen with which he wrote the letter.","The topic about which we talked was interesting.","","","","격식 있는 글에서 뜻을 분명히 할 때","This is the house. + I live in the house. → the house which I live in → the house in which I live
전치사 + which(사물) / whom(사람)으로 써요. 전치사 + that, 전치사 + who는 안 돼요.
in which = where, on which = when처럼 관계부사로 바꿀 수 있어요.","1. 이곳은 내가 자란 집이야. (= where I grew up)
2. 내가 말을 건 사람은 매우 친절했다.
3. 나는 우리가 처음 만난 날을 기억해. (= when)
4. 이게 그가 편지를 쓴 펜이야.
5. 우리가 이야기한 주제는 흥미로웠다.","전치사 + which(사물) / whom(사람)
전치사 + that ✗
in which ≒ where · on which ≒ when","✗ the house in that I live → ✓ the house in which I live (전치사 뒤에는 that ✗)
✗ the person to who I spoke → ✓ the person to whom I spoke (전치사 뒤 사람은 whom)","뒤 문장 끝에 전치사가 ""남아 있는"" 느낌이면, 그 전치사를 앞으로 옮긴 거예요.","(바꾸기 안 함)","",""
"118","고등","고등·관계사·접속사","grow","고2","h-compound-relative","복합관계사 (whoever / whatever / however)","Whoever [ ] … / Whatever [ ] … / However [형용사] …","관계사에 -ever를 붙여 ""누구든지, 무엇이든지, 아무리 ~해도""라는 뜻을 만들어요.","Whoever finishes first will get a prize.","You can eat whatever you want.","Whatever happens, I will be on your side.","However hard it is, don't give up.","Come whenever you like.","","","","정해지지 않은 대상을 모두 포함할 때
""아무리 ~하더라도"" 양보를 말할 때","명사절: Whoever comes first wins. (누구든지 ~하는 사람)
양보 부사절: Whatever you do, do your best. (무엇을 하더라도)
whoever = anyone who · whatever = anything that
however + 형용사/부사 + 주어 + 동사: 아무리 ~해도","1. 누구든 먼저 끝내는 사람이 상을 받을 거야.
2. 원하는 건 뭐든 먹어도 돼.
3. 무슨 일이 일어나더라도 나는 네 편이야.
4. 아무리 힘들어도 포기하지 마.
5. 오고 싶을 때 언제든 와.","whoever · whatever · whichever: ~든지 / ~하더라도
however + 형용사/부사 + S + V: 아무리 ~해도
wherever · whenever: 어디든 / 언제든","✗ However it is hard, don't give up. → ✓ However hard it is, don't give up. (however 바로 뒤에 형용사/부사)","-ever가 붙으면 ""~든지, ~하더라도""로 해석하면 거의 맞아요.","(바꾸기 안 함)","",""
"119","고등","고등·관계사·접속사","entry","고1","h-noun-clause","명사절 that / whether · 동격의 that","That [ ] is … / I wonder whether [ ]. / the fact that …","문장 하나를 통째로 명사처럼 써서 ""~라는 것"", ""~인지""를 말해요.","That he lied is clear.","It is surprising that she won.","I wonder whether he will come.","Whether we go or not depends on the weather.","I heard the news that our team won.","","","","생각·사실을 문장으로 전할 때
확실하지 않은 것을 ""~인지 아닌지""로 말할 때
news, fact, idea 같은 명사의 내용을 풀어 줄 때 (동격)","that절: ~라는 것. 주어가 길면 It ~ that으로 바꿔 써요. (It is true that …)
whether/if절: ~인지 (아닌지). 주어 자리나 전치사 뒤에는 whether만 써요.
동격의 that: the fact/news/idea + that + 완전한 문장 = ""~라는 사실/소식/생각""
관계대명사 that 뒤에는 빠진 자리가 있고, 명사절·동격 that 뒤에는 완전한 문장이 와요.","1. 그가 거짓말했다는 것은 분명하다.
2. 그녀가 이겼다는 것은 놀랍다. (It = that절)
3. 그가 올지 궁금해.
4. 우리가 갈지 말지는 날씨에 달려 있다. (주어 자리 → whether)
5. 나는 우리 팀이 이겼다는 소식을 들었다. (동격)","that + 완전한 문장 = ~라는 것
whether/if + 문장 = ~인지 (주어 자리에는 whether만)
fact · news · idea + that + 완전한 문장 = 동격","✗ If we go or not depends on the weather. → ✓ Whether we go or not depends on the weather. (주어 자리에는 whether)","that 뒤 문장이 빠짐없이 완전하면 명사절(또는 동격), 빠진 자리가 있으면 관계대명사예요.","(바꾸기 안 함)","",""
"120","고등","고등·관계사·접속사","entry","고1","h-correlative","상관접속사와 수 일치 (not only A but also B)","not only A but also B / either A or B / neither A nor B","두 단어가 짝을 이루어 A와 B를 연결하는 접속사예요.","Both my mom and my dad are teachers.","You can either stay or leave.","Neither he nor I was there.","She is not only smart but also kind.","The students as well as the teacher are excited.","","","","둘 다(both), 둘 중 하나(either), 둘 다 아닌(neither), A뿐 아니라 B도(not only)를 말할 때","both A and B: A와 B 둘 다 (늘 복수 취급)
either A or B: A나 B 둘 중 하나
neither A nor B: A도 B도 아닌
not only A but also B = B as well as A: A뿐만 아니라 B도
동사는 대부분 B(동사와 가까운 쪽)에 맞춰요. 단 B as well as A는 앞의 B에 맞춰요.","1. 우리 엄마와 아빠 둘 다 선생님이다.
2. 너는 남거나 떠나거나 할 수 있어.
3. 그도 나도 거기에 없었다. (I에 맞춰 was)
4. 그녀는 똑똑할 뿐만 아니라 친절하기도 하다.
5. 선생님뿐만 아니라 학생들도 신이 났다. (students에 맞춰 are)","both A and B → 복수
either A or B · neither A nor B · not only A but also B → B에 수 일치
B as well as A → B에 수 일치","✗ Neither he nor I were there. → ✓ Neither he nor I was there. (B(I)에 맞춰 was)
✗ Both Tom and Jane is here. → ✓ Both Tom and Jane are here. (both A and B는 복수)","짝꿍 단어(not only–but also, either–or)를 먼저 찾고, 동사는 뒤쪽 B를 보세요.","(바꾸기 안 함)","",""
"121","고등","고등·가정법·비교","entry","고2","h-subjunctive-past-perfect","가정법 과거완료 · 혼합가정법","If I had [p.p.], I would have [p.p.].","과거에 실제로 일어난 일과 반대로 ""그때 ~했더라면 …했을 텐데""라고 상상해요.","If I had studied harder, I would have passed the test.","If you had told me, I could have helped you.","She would have come if she had known.","If I had taken the medicine, I would be fine now.","If it hadn't rained, we would have gone hiking.","","","","과거 일에 대한 후회·아쉬움을 말할 때
""그때 ~했다면 지금 …할 텐데""처럼 과거 상상이 현재에 영향을 줄 때 (혼합가정법)","가정법 과거: 현재 사실의 반대 → If + 과거동사, would + 동사원형
가정법 과거완료: 과거 사실의 반대 → If + had p.p., would have p.p.
혼합가정법: If + had p.p.(과거 반대), would + 동사원형 + now(현재 결과)
실제 사실로 바꿔 보기: If I had studied, I would have passed. → I didn't study, so I didn't pass.","1. 더 열심히 공부했더라면 시험에 합격했을 텐데. (실제: 공부 안 해서 떨어짐)
2. 네가 말해 줬더라면 내가 도울 수 있었을 텐데.
3. 알았더라면 그녀는 왔을 거야.
4. 그때 약을 먹었더라면 지금 괜찮을 텐데. (혼합가정법)
5. 비가 오지 않았더라면 우리는 등산을 갔을 텐데.","If + S + had p.p., S + would/could/might + have p.p.
혼합: If + had p.p., S + would + 동사원형 (now)","✗ If I studied harder, I would have passed. → ✓ If I had studied harder, I would have passed. (과거 반대는 If + had p.p.)
✗ If I had studied, I would pass then. → ✓ If I had studied, I would have passed. (과거 결과는 would have p.p.)","""실제로는 어땠지?""를 거꾸로 적어 보면 시제가 헷갈리지 않아요.","(바꾸기 안 함)","",""
"122","고등","고등·가정법·비교","grow","고2","h-wish-as-if","I wish / as if 가정법","I wish I [과거]. / He talks as if he [과거].","실제와 다른 소망이나, 실제와 다른데 그런 척하는 모습을 말해요.","I wish I had a pet.","I wish I had gone to the concert.","He talks as if he knew everything.","She looked as if she had seen a ghost.","I wish it were Friday today.","","","","지금 이루어지지 않는 바람: I wish I were taller.
과거에 대한 아쉬움: I wish I had gone.
실제는 아닌데 ""마치 ~인 것처럼"": as if","I wish + 과거동사(be는 were): 지금 ~라면 좋을 텐데
I wish + had p.p.: 그때 ~했더라면 좋았을 텐데
as if + 과거동사: 마치 (지금) ~인 것처럼 · as if + had p.p.: 마치 (그때) ~였던 것처럼
실제로 그럴 가능성이 있을 때는 as if + 현재도 써요: It looks as if it will rain.","1. 반려동물이 있으면 좋을 텐데. (실제: 없음)
2. 그 콘서트에 갔더라면 좋았을 텐데. (실제: 안 감)
3. 그는 마치 모든 걸 아는 것처럼 말한다. (실제: 모름)
4. 그녀는 마치 귀신을 본 것 같은 얼굴이었다.
5. 오늘이 금요일이면 좋을 텐데.","I wish + 과거 / had p.p.
as if + 과거 / had p.p.
be동사는 주로 were","✗ I wish I have a pet. → ✓ I wish I had a pet. (지금의 반대 소망은 과거형)","wish·as if 뒤에서 시제가 한 칸 과거로 가면 ""실제와 반대""라는 신호예요.","(바꾸기 안 함)","",""
"123","고등","고등·가정법·비교","bridge","고3","h-without-its-time","if 없는 가정법 (Without / It's time / 도치)","Without [ ], I would … / It's time we [과거].","if를 쓰지 않고도 가정법의 뜻을 만드는 표현들이에요.","Without water, nothing could live.","Without your help, I would have failed.","It's time we went home.","Were I you, I would take the job.","Had I known, I would have called you.","","","","""~이 없다면/없었다면""을 짧게 말할 때
""이제 ~해야 할 때다""라고 재촉할 때
격식 있는 글에서 if를 빼고 도치할 때","Without / But for + 명사 = If it were not for(현재) / If it had not been for(과거)
It's (high) time + 주어 + 과거동사 = 이제 ~할 때다
If를 생략하면 주어와 동사가 도치돼요: Were I you … = If I were you … / Had I known … = If I had known …","1. 물이 없다면 아무것도 살 수 없을 것이다.
2. 네 도움이 없었다면 나는 실패했을 거야.
3. 이제 집에 갈 시간이야.
4. 내가 너라면 그 일을 맡을 거야. (= If I were you)
5. 알았더라면 전화했을 텐데. (= If I had known)","Without + 명사, S + would + 원형(현재) / would have p.p.(과거)
It's time + S + 과거동사
If 생략 → Were / Had + 주어 …","✗ It's time we go home. → ✓ It's time we went home. (It's time + 과거동사)","if가 안 보여도 would/could have가 보이면 가정법인지 의심해 보세요.","(바꾸기 안 함)","",""
"124","고등","고등·가정법·비교","grow","고2","h-comparison-advanced","비교 구문 심화 (the 비교급, the 비교급)","The [비교급], the [비교급]. / [배수] as … as","비교급·원급으로 만드는, 시험에 자주 나오는 비교 표현이에요.","The more you practice, the better you get.","This room is twice as big as mine.","It is getting colder and colder.","No other mountain in Korea is as high as Hallasan.","She is much taller than her brother.","","","","함께 늘어나는 관계(""~할수록 더 …"")를 말할 때
몇 배인지 비교할 때
최상급 뜻을 원급·비교급으로 돌려 말할 때","The 비교급 S V, the 비교급 S V: ~할수록 더 …하다
배수: twice / three times + as 원급 as = 두·세 배 ~한
비교급 and 비교급: 점점 더 ~한 (bigger and bigger)
최상급의 다른 표현: No other + 단수명사 + is as ~ as / 비교급 + than any other + 단수명사
비교급 강조: much, even, far, a lot (very ✗)","1. 연습할수록 더 잘하게 된다.
2. 이 방은 내 방보다 두 배 크다.
3. 날씨가 점점 더 추워지고 있다.
4. 한국의 어떤 산도 한라산만큼 높지 않다. (= 한라산이 가장 높다)
5. 그녀는 남동생보다 훨씬 키가 크다.","The 비교급, the 비교급
배수 + as 원급 as
비교급 and 비교급
No other ~ as 원급 as · 비교급 than any other + 단수명사
비교급 강조: much · even · far · a lot","✗ She is very taller than him. → ✓ She is much taller than him. (비교급 강조는 much/even/far)
✗ taller than any other students → ✓ taller than any other student (any other + 단수명사)","최상급 뜻을 원급·비교급으로 돌려 말하는 문장을 짝지어 외우세요.","(바꾸기 안 함)","",""
"125","고등","고등·특수 구문","grow","고2","h-inversion","도치 (Never have I … / So do I)","Never have I [p.p.] … / So do I.","부정어나 장소 표현을 강조하려고 문장 앞으로 보내면 주어와 동사의 순서가 바뀌어요.","Never have I seen such a beautiful view.","Only then did I realize my mistake.","""I love pizza."" ""So do I.""","""I can't swim."" ""Neither can I.""","Here comes the bus.","","","","""절대 ~않다""를 강하게 말할 때
""나도 그래(So do I) / 나도 안 그래(Neither do I)""라고 맞장구칠 때
장소를 앞세워 장면을 생생하게 그릴 때","부정어(never, rarely, little, hardly, not only) + 조동사/be/do + 주어
Only + 부사(구)가 앞으로 오면 도치: Only then did I realize …
So + 동사 + 주어: 나도 그래 · Neither/Nor + 동사 + 주어: 나도 안 그래
장소 부사 + 동사 + 명사 주어: Here comes the bus. (대명사 주어는 도치 ✗: Here it comes.)","1. 이렇게 아름다운 경치는 한 번도 본 적이 없다.
2. 그때서야 나는 내 실수를 깨달았다.
3. ""나 피자 좋아해."" ""나도.""
4. ""나 수영 못 해."" ""나도 못 해.""
5. 버스가 온다.","부정어 + (조)동사 + 주어
So / Neither + (조)동사 + 주어
장소 + 동사 + 명사 주어","✗ Never I have seen such a view. → ✓ Never have I seen such a view. (부정어가 앞에 오면 조동사 + 주어)
✗ ""I like it."" ""So I do."" → ✓ ""I like it."" ""So do I."" (""나도 그래""는 So + 동사 + 주어)","부정어로 시작하는 문장은 ""질문 모양""처럼 순서가 바뀐다고 기억하세요.","(바꾸기 안 함)","",""
"126","고등","고등·특수 구문","grow","고2","h-emphasis","강조 구문 (It is ~ that / do 강조)","It was [강조할 말] that … / I do [동사].","문장에서 특히 힘주어 말하고 싶은 부분을 강조하는 방법이에요.","It was Tom that broke the window.","It was in the park that I lost my phone.","It is you who are wrong.","I do love you.","He did finish his homework.","","","","""바로 ~가/~에서/~때"" 하고 한 부분을 콕 집을 때
""정말로 ~한다""고 동사를 강조할 때","It is/was + 강조할 말 + that + 나머지: 주어·목적어·부사(구)를 강조
사람을 강조하면 that 대신 who도 써요.
do/does/did + 동사원형: 정말 ~하다 (동사 강조)
가주어 It ~ that 구문과 구별하기: It·is/was·that을 지워도 문장이 완전하면 강조 구문이에요.","1. 창문을 깬 건 바로 톰이었다.
2. 내가 휴대폰을 잃어버린 곳은 바로 공원이었다.
3. 틀린 건 바로 너야.
4. 나는 정말로 너를 사랑해.
5. 그는 정말로 숙제를 끝냈어.","It is/was + 강조어 + that ~
do / does / did + 동사원형
It·be·that을 지워도 완전한 문장 → 강조 구문","✗ He did finished his homework. → ✓ He did finish his homework. (강조 do 뒤에는 동사원형)","It was ~ that에서 It·was·that을 지우고 읽어 보세요. 문장이 되면 강조 구문이에요.","(바꾸기 안 함)","",""
"127","고등","고등·특수 구문","entry","고1","h-agreement","주어와 동사의 수 일치","The number of [ ] is … / A number of [ ] are …","주어가 단수인지 복수인지에 따라 동사 모양을 맞추는 규칙이에요.","The number of students is increasing.","A number of students are absent today.","Each student has a locker.","The book on the shelves is mine.","Reading books makes me happy.","","","","주어가 길거나 꾸미는 말이 붙어 헷갈릴 때
시험에서 동사 모양(is/are, has/have)을 고를 때","주어 뒤의 꾸미는 말(전치사구, 관계사절)에 속지 말고 진짜 주어를 찾으세요: The box of apples **is** heavy.
the number of + 복수명사 → 단수 동사 (~의 수) / a number of + 복수명사 → 복수 동사 (많은 ~)
each, every, -one, -body → 단수
동명사·to부정사·명사절 주어 → 단수
시간·거리·돈의 양은 하나로 보아 단수: Ten years is a long time.","1. 학생의 수가 늘고 있다. (number가 주어 → 단수)
2. 오늘 많은 학생이 결석했다. (a number of = 많은)
3. 학생마다 사물함이 하나씩 있다.
4. 선반 위의 책은 내 거야. (주어는 book)
5. 책 읽기는 나를 행복하게 한다. (동명사 주어 → 단수)","진짜 주어 찾기 (꾸밈말은 괄호로)
the number of → 단수 · a number of → 복수
each · every · everyone → 단수
동명사 · 명사절 주어 → 단수","✗ The number of students are increasing. → ✓ The number of students is increasing. (the number of → 단수)
✗ The book on the shelves are mine. → ✓ The book on the shelves is mine. (진짜 주어는 the book)","주어와 동사 사이의 말을 괄호로 묶고 읽으면 수 일치가 보여요.","(바꾸기 안 함)","",""